id,raw_title,description,price
1,تنورة  White  SkirtSizeLsamsung,Product description for تنورة  White  SkirtSizeLsamsung,336.2
2,تنورة   بنفسجي  مقاسOne Size ماركة LG,,982.73
3,Adidas Grey Speaker   XXL,Product description for Adidas Grey Speaker   XXL,
4,Prada&nbsp;&nbsp;&nbsp;Red&nbsp;Monitor,Product description for Prada&nbsp;&nbsp;&nbsp;Red&nbsp;Monitor,20.64
5,شورت بنفسجي مقاس   One Size   ماركة Puma,Product description for شورت بنفسجي مقاس   One Size   ماركة Puma,248.38
6,جينزرمادي  مقاس Sماركة   Casio,Product description for جينزرمادي  مقاس Sماركة   Casio,225.02
7,حزام وردي  مقاسS  ماركة lg,,
8,LG  Green Headphones,Product description for LG  Green Headphones,329.22
9,هودي&nbsp;&nbsp;&nbsp;أسودمقاسXL&nbsp;&nbsp;&nbsp;ماركة,Product description for هودي&nbsp;&nbsp;&nbsp;أسودمقاسXL&nbsp;&nbsp;&nbsp;ماركة,275.58
10,Zara  Green  Hat   XL,Product description for Zara  Green  Hat   XL,308.3
11,LG  Grey   Laptop  L,Product description for LG  Grey   Laptop  L,23.53
12,هودي   أصفر  مقاس   ماركة  Sony,Product description for هودي   أصفر  مقاس   ماركة  Sony,841.43
13,هاتف ذكي أبيض   مقاس  One Size ماركة  Ray-Ban,Product description for هاتف ذكي أبيض   مقاس  One Size ماركة  Ray-Ban,923.88
14,تابلت&nbsp;&nbsp;Purple&nbsp;LaptopSizeXL&nbsp;&nbsp;Prada,Product description for تابلت&nbsp;&nbsp;Purple&nbsp;LaptopSizeXL&nbsp;&nbsp;Prada,155.09
15,وشاح   GreyWallet Size   LG,,160.61
16,جينز أبيض  مقاسXXL ماركة  sony,Product description for جينز أبيض  مقاسXXL ماركة  sony,
17,SamsungGreyCoat L,Product description for SamsungGreyCoat L,44.45
18,White  Jacket  S,Product description for White  Jacket  S,62.44
19,هاتف ذكي أصفر   مقاس   XL ماركةZara,Product description for هاتف ذكي أصفر   مقاس   XL ماركةZara,442.55
20,لابتوب  رماديمقاس   XL   ماركة Puma,Product description for لابتوب  رماديمقاس   XL   ماركة Puma,336.93
21,Apple  Purple Smartphone S,,403.81
22,تنورةأزرقمقاسS ماركة,Product description for تنورةأزرقمقاسS ماركة,173.83
23,مكبر صوت  أصفر مقاس   L ماركة,Product description for مكبر صوت  أصفر مقاس   L ماركة,95.08
24,Black  T-Shirt  M,Product description for Black  T-Shirt  M,57.28
25,Grey   Dress XL,,
26,قميص  أصفر  مقاسS ماركة,Product description for قميص  أصفر  مقاسS ماركة,525.34
27,مكبر صوت  Blue   Laptop Size  M,Product description for مكبر صوت  Blue   Laptop Size  M,737.65
28,معطف أزرق مقاسS  ماركة  Samsung,Product description for معطف أزرق مقاسS  ماركة  Samsung,569.86
29,تنورة   أصفر  مقاس  Sماركة,Product description for تنورة   أصفر  مقاس  Sماركة,
30,قلادة  أخضر   مقاسماركةGucci,Product description for قلادة  أخضر   مقاسماركةGucci,
31,ماوس   Blue   Mouse Size,Product description for ماوس   Blue   Mouse Size,338.25
32,H&M  Yellow  Skirt,Product description for H&M  Yellow  Skirt,809.59
33,Red   WatchL,,857.64
34,Nike   Black   Tablet   XL,Product description for Nike   Black   Tablet   XL,494.58
35,Black MonitorS,Product description for Black MonitorS,764.21
36,Adidas  Purple  Dress  One Size,Product description for Adidas  Purple  Dress  One Size,45.67
37,Fossil White Scarf   M,Product description for Fossil White Scarf   M,188.31
38,NikeBlack Speaker  L,Product description for NikeBlack Speaker  L,103.1
39,Fossil PinkCamera,Product description for Fossil PinkCamera,216.82
40,قبعة White  WalletSize  XL  h&m,Product description for قبعة White  WalletSize  XL  h&m,177.53
41,شورتPurple   HoodieSize L   Gucci,Product description for شورتPurple   HoodieSize L   Gucci,231.41
42,lgGrey&nbsp;&nbsp;&nbsp;Coat&nbsp;L,Product description for lgGrey&nbsp;&nbsp;&nbsp;Coat&nbsp;L,809.12
43,Apple  Brown   Backpack  L,Product description for Apple  Brown   Backpack  L,899.44
44,Gucci   Purple T-Shirt,Product description for Gucci   Purple T-Shirt,629.7
45,Blue  Hat  One Size,Product description for Blue  Hat  One Size,560.37
46,Pink  Shorts  S,Product description for Pink  Shorts  S,787.98
47,ساعة بنفسجي مقاس  Sماركة,Product description for ساعة بنفسجي مقاس  Sماركة,299.52
48,قلادةWhite Backpack Size  XXL Fossil,Product description for قلادةWhite Backpack Size  XXL Fossil,51.0
49,قميص أسودمقاسS   ماركة Gucci,Product description for قميص أسودمقاسS   ماركة Gucci,380.32
50,NikePurple   MonitorM,,620.92
51,FossilPurpleT-ShirtS,Product description for FossilPurpleT-ShirtS,698.73
52,تابلت   بنفسجي  مقاس   ماركة Casio,Product description for تابلت   بنفسجي  مقاس   ماركة Casio,386.66
53,كاميرا  أخضرمقاس  XLماركة  Gucci,Product description for كاميرا  أخضرمقاس  XLماركة  Gucci,689.47
54,قلادةRed   SunglassesSize   XXL   LG,,914.21
55,فستان  بنفسجيمقاس  One Size  ماركة,Product description for فستان  بنفسجيمقاس  One Size  ماركة,256.38
56,Ray-Ban  Red Socks   L,Product description for Ray-Ban  Red Socks   L,289.4
57,H&M  Red   HeadphonesL,,720.24
58,جوارب   رمادي مقاس   One Size ماركة  fossil,Product description for جوارب   رمادي مقاس   One Size ماركة  fossil,873.06
59,جينز  بنفسجيمقاس XL   ماركة Fossil,Product description for جينز  بنفسجيمقاس XL   ماركة Fossil,853.11
60,جينز  Grey Shorts Size  h&m,Product description for جينز  Grey Shorts Size  h&m,147.71
61,جوارب&nbsp;Pink&nbsp;&nbsp;&nbsp;SkirtSizeBose,Product description for جوارب&nbsp;Pink&nbsp;&nbsp;&nbsp;SkirtSizeBose,170.75
62,casio  Green Skirt XXL,,646.44
63,كاميرا   Red   Headphones  SizeMPuma,Product description for كاميرا   Red   Headphones  SizeMPuma,68.82
64,Zara   Red   Sweater,Product description for Zara   Red   Sweater,263.94
65,SonyYellow   WatchXXL,Product description for SonyYellow   WatchXXL,666.27
66,Red  Keyboard  XL,,29.14
67,وشاحأخضر   مقاس  One Size ماركة,Product description for وشاحأخضر   مقاس  One Size ماركة,817.61
68,Blue  T-Shirt  XL,,264.28
69,Blue  Tablet  XL,,810.08
70,جينز   أبيض  مقاس XL ماركة,,294.95
71,هاتف ذكي White   Camera  Size,Product description for هاتف ذكي White   Camera  Size,499.65
72,Pink  Camera,Product description for Pink  Camera,97.94
73,Casio Blue   Smartwatch One Size,Product description for Casio Blue   Smartwatch One Size,574.95
74,سترةRed&nbsp;&nbsp;&nbsp;Jacket&nbsp;&nbsp;SizeL,,919.15
75,تابلت  بنفسجي   مقاس XL ماركة,,948.32
76,Pink  Jacket  M,,914.88
77,شورت&nbsp;&nbsp;&nbsp;أبيض&nbsp;&nbsp;مقاس&nbsp;XXL&nbsp;&nbsp;&nbsp;ماركة,Product description for شورت&nbsp;&nbsp;&nbsp;أبيض&nbsp;&nbsp;مقاس&nbsp;XXL&nbsp;&nbsp;&nbsp;ماركة,518.6
78,AdidasPurpleWallet  L,Product description for AdidasPurpleWallet  L,42.38
79,سماعاتYellow  MouseSize MFossil,,884.44
80,Adidas Pink   Smartwatch,Product description for Adidas Pink   Smartwatch,522.08
81,Fossil Yellow   Jacket,Product description for Fossil Yellow   Jacket,988.64
82,معطف   أسود مقاس  ماركة   Puma,Product description for معطف   أسود مقاس  ماركة   Puma,798.82
83,فستانأزرقمقاس   L ماركة,,954.72
84,Zara  White Camera XL,Product description for Zara  White Camera XL,
85,كاميراأصفرمقاس ماركة  ZARA,Product description for كاميراأصفرمقاس ماركة  ZARA,313.85
86,LG Brown NecklaceM,Product description for LG Brown NecklaceM,979.45
87,Nike Purple  SmartwatchOne Size,Product description for Nike Purple  SmartwatchOne Size,267.88
88,h&m White   Backpack,Product description for h&m White   Backpack,751.96
89,Adidas Yellow  Headphones,Product description for Adidas Yellow  Headphones,640.52
90,فستان   Grey   Jeans Size   Sapple,Product description for فستان   Grey   Jeans Size   Sapple,191.44
91,UNKNOWNPurpleScarf&nbsp;&nbsp;&nbsp;XXL,Product description for UNKNOWNPurpleScarf&nbsp;&nbsp;&nbsp;XXL,582.05
92,حقيبة  أخضر  مقاسXXL   ماركة,Product description for حقيبة  أخضر  مقاسXXL   ماركة,874.37
93,قميصأبيض   مقاس ماركةAdidas,,624.02
94,ماوسأسود  مقاس   XL ماركة,Product description for ماوسأسود  مقاس   XL ماركة,539.52
95,وشاح   أحمرمقاس   XLماركة   Apple,,400.15
96,جاكيت أبيض  مقاس One Sizeماركة,Product description for جاكيت أبيض  مقاس One Sizeماركة,250.78
97,Sony  White Hoodie XXL,Product description for Sony  White Hoodie XXL,676.38
98,شاشة GreenLaptop   Size   XXL,Product description for شاشة GreenLaptop   Size   XXL,161.09
99,GucciWhiteHoodie&nbsp;&nbsp;&nbsp;M,Product description for GucciWhiteHoodie&nbsp;&nbsp;&nbsp;M,579.46
100,مكبر صوت  أصفرمقاس S ماركة   Apple,,
101,هودي أسود   مقاس XLماركة  adidas,Product description for هودي أسود   مقاس XLماركة  adidas,613.14
102,جاكيت   Yellow HoodieSize  S,Product description for جاكيت   Yellow HoodieSize  S,90.7
103,UNKNOWNPinkCamera  One Size,,520.74
104,H&M RedSkirtXL,Product description for H&M RedSkirtXL,337.64
105,Ray-Ban Grey  Socks L,Product description for Ray-Ban Grey  Socks L,793.5
106,حزامبنفسجي&nbsp;&nbsp;مقاس&nbsp;&nbsp;One&nbsp;Size&nbsp;&nbsp;&nbsp;ماركةNike,,749.98
107,هاتف ذكي  RedSpeaker Size S   prada,Product description for هاتف ذكي  RedSpeaker Size S   prada,805.93
108,سماعاترمادي   مقاس  XL ماركة,,131.31
109,مكبر صوت  Black  Laptop  Size   S   samsung,,496.53
110,جاكيت&nbsp;&nbsp;أحمر&nbsp;&nbsp;مقاس&nbsp;&nbsp;Sماركة&nbsp;&nbsp;Gucci,Product description for جاكيت&nbsp;&nbsp;أحمر&nbsp;&nbsp;مقاس&nbsp;&nbsp;Sماركة&nbsp;&nbsp;Gucci,242.47
111,Zara GreyGloves   M,Product description for Zara GreyGloves   M,862.34
112,CasioWhite  Mouse  One Size,,334.5
113,ماوس   أصفر مقاسM  ماركة H&M,Product description for ماوس   أصفر مقاسM  ماركة H&M,117.38
114,Apple  BlackJeansOne Size,Product description for Apple  BlackJeansOne Size,809.71
115,معطفأسود مقاس  S   ماركة  Zara,Product description for معطفأسود مقاس  S   ماركة  Zara,748.17
116,جاكيت بنفسجي  مقاس ماركة  Puma,Product description for جاكيت بنفسجي  مقاس ماركة  Puma,
117,هودي  وردي مقاس One Size   ماركة,Product description for هودي  وردي مقاس One Size   ماركة,823.44
118,لابتوب  بني   مقاس   L ماركة,Product description for لابتوب  بني   مقاس   L ماركة,18.14
119,قفازات   بني   مقاس  L   ماركة,Product description for قفازات   بني   مقاس  L   ماركة,554.8
120,قبعةأزرق&nbsp;مقاس&nbsp;&nbsp;Mماركةprada,Product description for قبعةأزرق&nbsp;مقاس&nbsp;&nbsp;Mماركةprada,742.73
121,فستان رمادي   مقاس XL ماركة  Nike,Product description for فستان رمادي   مقاس XL ماركة  Nike,983.41
122,معطف  White  Jeans Size MSony,Product description for معطف  White  Jeans Size MSony,
123,Ray-Ban  Pink Jacket M,,242.53
124,شورت أزرق مقاس  M ماركة,,100.1
125,White Smartwatch,,910.08
126,UNKNOWN  Yellow  Sunglasses   XXL,Product description for UNKNOWN  Yellow  Sunglasses   XXL,358.78
127,لابتوب  بنفسجي   مقاس   XL  ماركة   Puma,Product description for لابتوب  بنفسجي   مقاس   XL  ماركة   Puma,127.82
128,Zara  YellowSmartphone   L,Product description for Zara  YellowSmartphone   L,
129,جواربأبيضمقاس  ماركة,,951.9
130,قبعة   أصفر   مقاس M   ماركة,Product description for قبعة   أصفر   مقاس M   ماركة,600.68
131,لابتوب   أصفر   مقاس   ماركة,,705.97
132,Purple  Scarf   XL,Product description for Purple  Scarf   XL,99.13
133,Purple DressXXL,,433.61
134,حزام   أبيضمقاس   L   ماركة Gucci,Product description for حزام   أبيضمقاس   L   ماركة Gucci,
135,جينزوردي   مقاسXL ماركة  Samsung,Product description for جينزوردي   مقاسXL ماركة  Samsung,777.61
136,Black   Mouse,Product description for Black   Mouse,465.12
137,Red Coat  One Size,Product description for Red Coat  One Size,989.26
138,جوارب Green ShortsSize   XL   Puma,,296.3
139,وشاح  أبيض   مقاس   One Size ماركةLG,,180.52
140,White&nbsp;Backpack&nbsp;&nbsp;M,Product description for White&nbsp;Backpack&nbsp;&nbsp;M,330.87
141,Nike   Blue   Smartphone   S,Product description for Nike   Blue   Smartphone   S,
142,Green  Smartphone   L,Product description for Green  Smartphone   L,300.5
143,Purple  Dress,Product description for Purple  Dress,73.39
144,سماعات&nbsp;&nbsp;بنفسجيمقاس&nbsp;&nbsp;ماركة&nbsp;&nbsp;&nbsp;Apple,Product description for سماعات&nbsp;&nbsp;بنفسجيمقاس&nbsp;&nbsp;ماركة&nbsp;&nbsp;&nbsp;Apple,320.53
145,SamsungRed  Backpack,,513.23
146,H&M   Yellow  Headphones  L,Product description for H&M   Yellow  Headphones  L,
147,جينز   رمادي مقاس  M   ماركة,Product description for جينز   رمادي مقاس  M   ماركة,648.81
148,GreenSkirtS,Product description for GreenSkirtS,85.74
149,جينز PinkSocks   Size XXL   Adidas,Product description for جينز PinkSocks   Size XXL   Adidas,91.04
150,سماعات أحمرمقاس S ماركة  Samsung,Product description for سماعات أحمرمقاس S ماركة  Samsung,300.22
151,Adidas  White   Hoodie   S,,
152,Apple RedMouse   S,,229.56
153,فستان   أزرق   مقاسماركة  UNKNOWN,Product description for فستان   أزرق   مقاسماركة  UNKNOWN,318.64
154,شاشة   Grey  Monitor  Size   XXL,Product description for شاشة   Grey  Monitor  Size   XXL,459.46
155,تنورة   أبيض مقاس  XXLماركة Sony,Product description for تنورة   أبيض مقاس  XXLماركة Sony,695.46
156,مكبر صوترماديمقاس ماركة   Apple,Product description for مكبر صوترماديمقاس ماركة   Apple,381.64
157,BlueDress   S,Product description for BlueDress   S,400.47
158,تنورةWhite Jacket Size  L  Casio,Product description for تنورةWhite Jacket Size  L  Casio,199.67
159,ماوس  بني  مقاس XXL  ماركة   UNKNOWN,Product description for ماوس  بني  مقاس XXL  ماركة   UNKNOWN,277.28
160,Adidas   Grey Shorts,Product description for Adidas   Grey Shorts,534.9
161,تابلت  أزرقمقاس S   ماركة UNKNOWN,Product description for تابلت  أزرقمقاس S   ماركة UNKNOWN,323.46
162,جوارب Pink Shorts  Size S  fossil,Product description for جوارب Pink Shorts  Size S  fossil,991.84
163,ماوسبنفسجي  مقاس   L   ماركة  Samsung,Product description for ماوسبنفسجي  مقاس   L   ماركة  Samsung,803.36
164,LG Pink  Jacket  M,Product description for LG Pink  Jacket  M,307.24
165,لوحة مفاتيح  أحمر مقاس   L   ماركة  samsung,Product description for لوحة مفاتيح  أحمر مقاس   L   ماركة  samsung,682.02
166,Brown BackpackXXL,,236.59
167,Adidas   BlueSkirt   XXL,Product description for Adidas   BlueSkirt   XXL,984.49
168,Fossil   Red Backpack One Size,Product description for Fossil   Red Backpack One Size,823.87
169,لوحة مفاتيح  بني  مقاسماركةNike,Product description for لوحة مفاتيح  بني  مقاسماركةNike,561.01
170,سترةGreen  JeansSizePrada,Product description for سترةGreen  JeansSizePrada,151.42
171,لابتوب أبيض مقاسماركة Adidas,,451.18
172,LG  BrownT-Shirt XL,Product description for LG  BrownT-Shirt XL,
173,هوديورديمقاسXXL   ماركة  Ray-Ban,Product description for هوديورديمقاسXXL   ماركة  Ray-Ban,953.12
174,حقيبة ظهر ورديمقاس  XL ماركةAPPLE,Product description for حقيبة ظهر ورديمقاس  XL ماركةAPPLE,202.69
175,Samsung   RedT-ShirtXL,Product description for Samsung   RedT-ShirtXL,208.68
176,شورت رماديمقاس Mماركة   Puma,,742.28
177,هودي GreenSkirt Size  XXL  Prada,Product description for هودي GreenSkirt Size  XXL  Prada,774.26
178,هودي Yellow Socks   Size,Product description for هودي Yellow Socks   Size,205.55
179,ماوس بنفسجي   مقاس  ماركة,Product description for ماوس بنفسجي   مقاس  ماركة,561.56
180,فستانأصفر مقاس  Lماركة,Product description for فستانأصفر مقاس  Lماركة,352.63
181,حقيبة ظهر BlackBelt   SizeOne Size  UNKNOWN,Product description for حقيبة ظهر BlackBelt   SizeOne Size  UNKNOWN,449.51
182,نظارات شمسيةأزرق مقاس  S   ماركة  Gucci,Product description for نظارات شمسيةأزرق مقاس  S   ماركة  Gucci,283.08
183,قميص  رماديمقاس One Size ماركةUNKNOWN,,147.9
184,قبعةأصفر   مقاس S  ماركة  ZARA,Product description for قبعةأصفر   مقاس S  ماركة  ZARA,95.23
185,Grey Hat  S,Product description for Grey Hat  S,965.28
186,H&M BrownBag,Product description for H&M BrownBag,302.51
187,حزام Purple   Necklace  Size,,335.36
188,مكبر صوت   Grey  LaptopSizeS,Product description for مكبر صوت   Grey  LaptopSizeS,296.97
189,نظارات شمسية   أخضر  مقاس  ماركة,,781.05
190,GUCCIRed  Skirt  S,Product description for GUCCIRed  Skirt  S,759.75
191,مكبر صوت ورديمقاس   XL ماركة   nike,Product description for مكبر صوت ورديمقاس   XL ماركة   nike,729.55
192,فستانأحمر  مقاسM   ماركة LG,Product description for فستانأحمر  مقاسM   ماركة LG,631.46
193,جينز   White  Jeans   SizeXL   Puma,Product description for جينز   White  Jeans   SizeXL   Puma,
194,قميص   BlueJacket  Size   S LG,Product description for قميص   BlueJacket  Size   S LG,747.55
195,Red   Jeans,Product description for Red   Jeans,810.67
196,Adidas  GreenSmartphone  L,Product description for Adidas  GreenSmartphone  L,895.13
197,هودي   Blue  Socks  Size XXLNike,Product description for هودي   Blue  Socks  Size XXLNike,813.02
198,هودي   بني   مقاس   XXL   ماركة,Product description for هودي   بني   مقاس   XXL   ماركة,867.41
199,لابتوب&nbsp;&nbsp;&nbsp;وردي&nbsp;&nbsp;مقاس&nbsp;&nbsp;ماركة&nbsp;&nbsp;&nbsp;Gucci,Product description for لابتوب&nbsp;&nbsp;&nbsp;وردي&nbsp;&nbsp;مقاس&nbsp;&nbsp;ماركة&nbsp;&nbsp;&nbsp;Gucci,375.46
200,معطف   Pink  CoatSize   M  Apple,Product description for معطف   Pink  CoatSize   M  Apple,47.25
201,Apple  RedBackpack XL,Product description for Apple  RedBackpack XL,782.96
202,فستان   Red  Shorts   SizeOne Size Zara,Product description for فستان   Red  Shorts   SizeOne Size Zara,408.84
203,GreenSocks  XXL,Product description for GreenSocks  XXL,936.42
204,معطف   Pink  Jacket  Size M   Fossil,Product description for معطف   Pink  Jacket  Size M   Fossil,598.52
205,شورت أحمر  مقاسOne Size   ماركة,Product description for شورت أحمر  مقاسOne Size   ماركة,187.13
206,جاكيت   رمادي مقاسS ماركة,Product description for جاكيت   رمادي مقاسS ماركة,284.17
207,جينز بنفسجيمقاسXXL ماركة   Zara,,819.96
208,سماعاتBlue Keyboard  SizeXL  PUMA,Product description for سماعاتBlue Keyboard  SizeXL  PUMA,316.99
209,UNKNOWN   White  Monitor  L,Product description for UNKNOWN   White  Monitor  L,237.36
210,هودي  أزرق   مقاس   XXL   ماركةAPPLE,Product description for هودي  أزرق   مقاس   XXL   ماركةAPPLE,668.43
211,prada  Red  Mouse   S,Product description for prada  Red  Mouse   S,470.08
212,حزام  رمادي  مقاسXL   ماركة,Product description for حزام  رمادي  مقاسXL   ماركة,
213,تابلتأحمر مقاس   XXL ماركةBOSE,Product description for تابلتأحمر مقاس   XXL ماركةBOSE,873.33
214,Samsung  White Mouse  XL,Product description for Samsung  White Mouse  XL,142.2
215,ساعة أبيض مقاس  XXLماركة Casio,Product description for ساعة أبيض مقاس  XXLماركة Casio,825.83
216,جينز  أسود   مقاس XXLماركة,Product description for جينز  أسود   مقاس XXLماركة,894.85
217,Gucci  Black Watch,,27.12
218,قميص   أخضر  مقاس S ماركة Puma,Product description for قميص   أخضر  مقاس S ماركة Puma,671.32
219,ساعة ذكية  أبيض مقاس   XL   ماركة   Ray-Ban,,842.21
220,هودي   بنفسجيمقاس  ماركة   Gucci,Product description for هودي   بنفسجيمقاس  ماركة   Gucci,424.63
221,قبعةوردي  مقاسXL  ماركة Sony,Product description for قبعةوردي  مقاسXL  ماركة Sony,459.95
222,Fossil  WhiteSunglasses  XXL,Product description for Fossil  WhiteSunglasses  XXL,316.88
223,Gucci Purple Headphones,Product description for Gucci Purple Headphones,695.85
224,قلادة WhiteGloves   Size  XXL Bose,Product description for قلادة WhiteGloves   Size  XXL Bose,159.16
225,فستان   Purple   Hoodie  SizeOne Size   casio,Product description for فستان   Purple   Hoodie  SizeOne Size   casio,167.01
226,BlueDress S,Product description for BlueDress S,962.18
227,Puma&nbsp;&nbsp;YellowKeyboard&nbsp;&nbsp;&nbsp;XXL,Product description for Puma&nbsp;&nbsp;YellowKeyboard&nbsp;&nbsp;&nbsp;XXL,205.29
228,شاشة   أصفرمقاس S ماركةRay-Ban,Product description for شاشة   أصفرمقاس S ماركةRay-Ban,
229,هوديGreen   DressSize XXL,Product description for هوديGreen   DressSize XXL,557.3
230,White   DressS,Product description for White   DressS,
231,تنورةأسود   مقاس  MماركةApple,Product description for تنورةأسود   مقاس  MماركةApple,149.12
232,PurpleJacket,Product description for PurpleJacket,80.25
233,H&M  Grey Camera S,Product description for H&M  Grey Camera S,962.23
234,هاتف ذكي أسودمقاسXL  ماركة,Product description for هاتف ذكي أسودمقاسXL  ماركة,771.82
235,ZaraGreen Bag,Product description for ZaraGreen Bag,138.87
236,قميص أسودمقاسOne Size   ماركة,Product description for قميص أسودمقاسOne Size   ماركة,137.09
237,Brown Socks L,Product description for Brown Socks L,657.81
238,Sony  Black Scarf   S,Product description for Sony  Black Scarf   S,449.33
239,Prada   Yellow SmartphoneXL,Product description for Prada   Yellow SmartphoneXL,133.67
240,PradaPurple  Jacket XXL,Product description for PradaPurple  Jacket XXL,755.78
241,جوارب أبيض  مقاسM  ماركة   Puma,Product description for جوارب أبيض  مقاسM  ماركة   Puma,162.58
242,معطف WhiteDress SizeOne Size H&M,Product description for معطف WhiteDress SizeOne Size H&M,749.03
243,هوديPink  Jeans  SizeXL  Zara,Product description for هوديPink  Jeans  SizeXL  Zara,53.72
244,شورت  أزرق مقاسS ماركة,,41.35
245,bose RedHoodie   XXL,,669.24
246,SamsungRedHoodie,Product description for SamsungRedHoodie,356.66
247,ماوس   أحمرمقاس  XXL ماركةApple,Product description for ماوس   أحمرمقاس  XXL ماركةApple,507.21
248,CasioGreenMouseL,Product description for CasioGreenMouseL,737.28
249,محفظةأسود   مقاس  One Sizeماركة   bose,Product description for محفظةأسود   مقاس  One Sizeماركة   bose,201.59
250,نظارات شمسية بنفسجي   مقاسXLماركة Bose,,941.75
251,fossil  Black Gloves S,Product description for fossil  Black Gloves S,981.09
252,هاتف ذكي  رماديمقاس  Lماركة,Product description for هاتف ذكي  رماديمقاس  Lماركة,
253,فستان أحمر   مقاس ماركة UNKNOWN,,541.27
254,كاميرا   Purple   Laptop  Size Sony,Product description for كاميرا   Purple   Laptop  Size Sony,564.85
255,تنورةBrown   Socks Size M,Product description for تنورةBrown   Socks Size M,381.97
256,تنورةأسودمقاس   XXL ماركة Nike,Product description for تنورةأسودمقاس   XXL ماركة Nike,49.87
257,حقيبة Green   BeltSize   XXL Apple,Product description for حقيبة Green   BeltSize   XXL Apple,920.11
258,قبعة  Brown   SunglassesSize   XXL,Product description for قبعة  Brown   SunglassesSize   XXL,786.26
259,Prada WhiteSmartwatch,Product description for Prada WhiteSmartwatch,933.34
260,سترة   وردي مقاس One Size ماركة,,767.88
261,Samsung  Grey   Hat S,Product description for Samsung  Grey   Hat S,745.39
262,جوارب   Grey   Socks   Size   XXL  LG,Product description for جوارب   Grey   Socks   Size   XXL  LG,145.24
263,Nike  Purple   Skirt   XXL,,432.09
264,قبعة   Purple Gloves Size Puma,,283.36
265,Zara Red   Speaker  One Size,Product description for Zara Red   Speaker  One Size,
266,Apple PinkShorts   XXL,,758.87
267,Gucci Brown  Jacket  M,Product description for Gucci Brown  Jacket  M,79.0
268,UNKNOWN   WhiteSpeaker   L,,637.67
269,Green  SocksM,,838.38
270,Red SkirtS,Product description for Red SkirtS,246.76
271,جوارب  رمادي   مقاس   L ماركة Gucci,,897.22
272,هاتف ذكيأسود  مقاسOne Size   ماركة  Nike,Product description for هاتف ذكيأسود  مقاسOne Size   ماركة  Nike,581.78
273,وشاح   بنفسجي  مقاس Sماركة   LG,Product description for وشاح   بنفسجي  مقاس Sماركة   LG,971.95
274,قميص   WhiteJacketSizeNike,Product description for قميص   WhiteJacketSizeNike,711.67
275,Gucci Purple  Smartwatch   M,,660.9
276,ساعة ذكية رمادي  مقاسMماركةAdidas,,164.35
277,حزام   أبيض   مقاس  XL   ماركة  Fossil,Product description for حزام   أبيض   مقاس  XL   ماركة  Fossil,716.18
278,تنورة   GreenCoat  Size   XXLCasio,,164.27
279,Casio  BrownJacket L,Product description for Casio  BrownJacket L,296.6
280,تابلت   أصفر   مقاس  XLماركة  H&M,Product description for تابلت   أصفر   مقاس  XLماركة  H&M,696.19
281,Sony   YellowMonitor  S,Product description for Sony   YellowMonitor  S,692.66
282,Pink   Belt,Product description for Pink   Belt,711.5
283,ماوس  أحمر مقاس  ماركة SONY,Product description for ماوس  أحمر مقاس  ماركة SONY,
284,جينز رماديمقاس M  ماركة  Fossil,Product description for جينز رماديمقاس M  ماركة  Fossil,
285,فستانأبيض   مقاس   XL  ماركة BOSE,Product description for فستانأبيض   مقاس   XL  ماركة BOSE,411.77
286,هودي PinkSweater   Size Adidas,Product description for هودي PinkSweater   Size Adidas,
287,سترةأزرقمقاس&nbsp;XXL&nbsp;&nbsp;&nbsp;ماركة,Product description for سترةأزرقمقاس&nbsp;XXL&nbsp;&nbsp;&nbsp;ماركة,359.15
288,كاميرا   White CameraSize One Size  UNKNOWN,Product description for كاميرا   White CameraSize One Size  UNKNOWN,
289,شورتBlue   Jeans  Size CASIO,Product description for شورتBlue   Jeans  Size CASIO,806.45
290,فستان   أصفر مقاس  XL  ماركةApple,Product description for فستان   أصفر مقاس  XL  ماركةApple,993.89
291,جينز  رماديمقاسM  ماركةFossil,Product description for جينز  رماديمقاسM  ماركةFossil,944.71
292,UNKNOWN  Purple Mouse   M,Product description for UNKNOWN  Purple Mouse   M,792.17
293,LG   Green Sweater,,236.32
294,PurpleHat&nbsp;XXL,,655.01
295,قميص   White  Jacket   Size XLBose,Product description for قميص   White  Jacket   Size XLBose,932.14
296,حقيبة  أبيض   مقاس M   ماركة,Product description for حقيبة  أبيض   مقاس M   ماركة,628.21
297,ماوس  بنفسجي   مقاس XL ماركة Bose,,615.01
298,ساعة&nbsp;ذكيةBlackSmartphone&nbsp;SizeSGUCCI,Product description for ساعة&nbsp;ذكيةBlackSmartphone&nbsp;SizeSGUCCI,450.52
299,جاكيت  Green Skirt SizeS  SAMSUNG,Product description for جاكيت  Green Skirt SizeS  SAMSUNG,322.06
300,Sony   Black   CoatXXL,Product description for Sony   Black   CoatXXL,812.98
301,تنورة بنيمقاسماركة   Sony,Product description for تنورة بنيمقاسماركة   Sony,420.47
302,H&M  Green  Dress  XL,Product description for H&M  Green  Dress  XL,792.3
303,نظارات&nbsp;شمسية&nbsp;&nbsp;&nbsp;رمادي&nbsp;&nbsp;مقاسMماركة&nbsp;&nbsp;&nbsp;H&M,,349.23
304,جينز بني   مقاسXL  ماركة Fossil,Product description for جينز بني   مقاسXL  ماركة Fossil,568.58
305,Fossil   Blue TabletXXL,Product description for Fossil   Blue TabletXXL,405.88
306,حزامPurpleWallet Size LG,Product description for حزامPurpleWallet Size LG,39.7
307,RedHat XXL,,355.29
308,Bose Pink  Hoodie,Product description for Bose Pink  Hoodie,729.85
309,YellowSkirt  One Size,Product description for YellowSkirt  One Size,63.56
310,Samsung   Green  GlovesXL,,147.64
311,سترة   بنفسجي مقاسماركة,Product description for سترة   بنفسجي مقاسماركة,349.62
312,Green  CameraXL,Product description for Green  CameraXL,63.49
313,جينز بني  مقاس  S ماركة Gucci,Product description for جينز بني  مقاس  S ماركة Gucci,666.92
314,تنورة Black DressSize  XXL Bose,Product description for تنورة Black DressSize  XXL Bose,793.55
315,H&M White KeyboardXL,Product description for H&M White KeyboardXL,684.7
316,ZaraBlack  WalletL,Product description for ZaraBlack  WalletL,16.87
317,تابلت&nbsp;&nbsp;Black&nbsp;Tablet&nbsp;&nbsp;&nbsp;Size&nbsp;SAdidas,Product description for تابلت&nbsp;&nbsp;Black&nbsp;Tablet&nbsp;&nbsp;&nbsp;Size&nbsp;SAdidas,877.78
318,هودي  أحمر  مقاسماركة Gucci,,874.2
319,Brown   Scarf,Product description for Brown   Scarf,714.13
320,casio  Black HoodieM,,
321,Pink   Dress   M,Product description for Pink   Dress   M,579.7
322,Samsung   Grey   JeansS,Product description for Samsung   Grey   JeansS,235.45
323,ZaraBlack  Skirt One Size,Product description for ZaraBlack  Skirt One Size,232.12
324,جينز  Black   Jacket   Size   XXL,Product description for جينز  Black   Jacket   Size   XXL,
325,Brown  Bag   XL,Product description for Brown  Bag   XL,865.81
326,حقيبة ظهر Brown  Sunglasses  Size   casio,Product description for حقيبة ظهر Brown  Sunglasses  Size   casio,110.07
327,هاتف ذكي Red   LaptopSizeRay-Ban,,281.14
328,شورت   GreyHoodie   Size   L,Product description for شورت   GreyHoodie   Size   L,307.2
329,Blue  Sweater One Size,Product description for Blue  Sweater One Size,855.74
330,قميص أسود مقاس   ماركة,Product description for قميص أسود مقاس   ماركة,849.22
331,BOSE   BrownSkirt  M,Product description for BOSE   BrownSkirt  M,472.82
332,H&M   Green Coat   XXL,Product description for H&M   Green Coat   XXL,72.33
333,SonyPurple Camera,,637.51
334,سترة   White   CoatSize  XXLCASIO,Product description for سترة   White   CoatSize  XXLCASIO,299.17
335,لوحة مفاتيح Red Speaker   Size   L Fossil,Product description for لوحة مفاتيح Red Speaker   Size   L Fossil,170.77
336,APPLE GreyHoodie   XXL,,664.76
337,Black   Tablet   L,Product description for Black   Tablet   L,641.09
338,كاميرا رماديمقاسXXL ماركةBose,Product description for كاميرا رماديمقاسXXL ماركةBose,76.45
339,BlackShorts,Product description for BlackShorts,545.98
340,NikeYellowDressS,Product description for NikeYellowDressS,731.9
341,Apple   Pink Smartwatch,,850.07
342,شورت رمادي   مقاس  M  ماركةadidas,Product description for شورت رمادي   مقاس  M  ماركةadidas,498.15
343,فستان   PinkSocks   Size Apple,Product description for فستان   PinkSocks   Size Apple,457.41
344,هاتف ذكيبني مقاس   L  ماركة,Product description for هاتف ذكيبني مقاس   L  ماركة,164.09
345,معطف   بنفسجي مقاس  One Size   ماركة  UNKNOWN,Product description for معطف   بنفسجي مقاس  One Size   ماركة  UNKNOWN,491.81
346,قلادة Yellow   Wallet Size   M,Product description for قلادة Yellow   Wallet Size   M,
347,Nike   Blue  Shorts   One Size,Product description for Nike   Blue  Shorts   One Size,395.73
348,Casio Purple  Dress   XL,Product description for Casio Purple  Dress   XL,123.94
349,Samsung  Blue T-Shirt,Product description for Samsung  Blue T-Shirt,230.01
350,معطفأصفرمقاسماركة  GUCCI,Product description for معطفأصفرمقاسماركة  GUCCI,417.63
351,ماوس   أصفر  مقاس   XL  ماركة,Product description for ماوس   أصفر  مقاس   XL  ماركة,423.78
352,قفازاتYellow   NecklaceSizeM  Zara,Product description for قفازاتYellow   NecklaceSizeM  Zara,476.26
353,ماوسRed   Keyboard  Size One Size   Fossil,Product description for ماوسRed   Keyboard  Size One Size   Fossil,
354,Puma   Yellow  Jeans,Product description for Puma   Yellow  Jeans,292.05
355,قميص  أسود   مقاس  M   ماركة   Ray-Ban,Product description for قميص  أسود   مقاس  M   ماركة   Ray-Ban,392.96
356,تنورة أبيض  مقاسماركة,Product description for تنورة أبيض  مقاسماركة,844.95
357,ماوس&nbsp;أزرق&nbsp;&nbsp;&nbsp;مقاس&nbsp;S&nbsp;&nbsp;&nbsp;ماركة&nbsp;&nbsp;LG,Product description for ماوس&nbsp;أزرق&nbsp;&nbsp;&nbsp;مقاس&nbsp;S&nbsp;&nbsp;&nbsp;ماركة&nbsp;&nbsp;LG,663.18
358,معطف  PurpleSweaterSize   SUNKNOWN,Product description for معطف  PurpleSweaterSize   SUNKNOWN,861.09
359,قبعة أبيض مقاسM   ماركة   Nike,Product description for قبعة أبيض مقاسM   ماركة   Nike,48.93
360,شاشة  أسود   مقاسXXL   ماركة,Product description for شاشة  أسود   مقاسXXL   ماركة,358.53
361,نظارات شمسيةGrey Sunglasses  Size,,833.35
362,مكبر صوت Grey  Smartwatch   SizeOne Size,,422.33
363,شاشةأحمر مقاس  L  ماركةH&M,Product description for شاشةأحمر مقاس  L  ماركةH&M,63.33
364,نظارات شمسية بنيمقاس MماركةSamsung,Product description for نظارات شمسية بنيمقاس MماركةSamsung,253.11
365,حقيبة ظهر  أبيضمقاس M   ماركة,Product description for حقيبة ظهر  أبيضمقاس M   ماركة,804.12
366,معطف   أبيضمقاس  L  ماركة,,273.81
367,فستان وردي   مقاس S  ماركةCasio,Product description for فستان وردي   مقاس S  ماركةCasio,855.74
368,Ray-BanBlackSmartwatch XL,Product description for Ray-BanBlackSmartwatch XL,607.78
369,تابلتأحمر  مقاس   L ماركة,Product description for تابلتأحمر  مقاس   L ماركة,315.42
370,SONY   Yellow Jacket  One Size,Product description for SONY   Yellow Jacket  One Size,10.42
371,تابلت   Brown Tablet  Size  L   Sony,Product description for تابلت   Brown Tablet  Size  L   Sony,562.69
372,WhiteSocks  S,,
373,PUMA  Grey Socks,Product description for PUMA  Grey Socks,179.73
374,SonyBlack   Dress   L,,587.84
375,adidas   Yellow  Coat  XL,Product description for adidas   Yellow  Coat  XL,382.3
376,H&M  Purple  Dress M,Product description for H&M  Purple  Dress M,421.94
377,وشاح Red  Backpack SizeGUCCI,Product description for وشاح Red  Backpack SizeGUCCI,
378,PradaBlack   Smartwatch,Product description for PradaBlack   Smartwatch,
379,Adidas  GreyBagXL,,388.93
380,Green   Coat,Product description for Green   Coat,713.25
381,ZaraWhite  Hoodie,Product description for ZaraWhite  Hoodie,311.68
382,هودي&nbsp;&nbsp;بنفسجي&nbsp;&nbsp;&nbsp;مقاس&nbsp;Mماركة&nbsp;Nike,Product description for هودي&nbsp;&nbsp;بنفسجي&nbsp;&nbsp;&nbsp;مقاس&nbsp;Mماركة&nbsp;Nike,965.9
383,جوارب  أزرق   مقاس SماركةFossil,Product description for جوارب  أزرق   مقاس SماركةFossil,951.4
384,Nike   Yellow   Sunglasses   L,Product description for Nike   Yellow   Sunglasses   L,795.85
385,شاشة  وردي   مقاس   One Size ماركة,Product description for شاشة  وردي   مقاس   One Size ماركة,
386,UNKNOWN  GreenSocks,Product description for UNKNOWN  GreenSocks,334.73
387,قميص  White Hoodie  Size  XXL  UNKNOWN,Product description for قميص  White Hoodie  Size  XXL  UNKNOWN,42.56
388,sony  GreyBackpack,Product description for sony  GreyBackpack,865.61
389,قبعة  Red WatchSize  SFossil,Product description for قبعة  Red WatchSize  SFossil,
390,ماوس   بنفسجي مقاس ماركة,,379.77
391,LG  Purple ShortsS,Product description for LG  Purple ShortsS,910.53
392,Samsung  Black   Dress  L,Product description for Samsung  Black   Dress  L,489.64
393,White Shorts  XXL,Product description for White Shorts  XXL,892.15
394,جينز&nbsp;White&nbsp;&nbsp;JeansSize&nbsp;&nbsp;L&nbsp;Bose,,851.02
395,Black Jacket  M,Product description for Black Jacket  M,
396,PinkSkirtM,,
397,Brown  Backpack  M,,
398,Gucci  Pink  Jacket   S,Product description for Gucci  Pink  Jacket   S,433.16
399,جينز&nbsp;رمادي&nbsp;&nbsp;مقاس&nbsp;S&nbsp;&nbsp;ماركة&nbsp;&nbsp;Bose,Product description for جينز&nbsp;رمادي&nbsp;&nbsp;مقاس&nbsp;S&nbsp;&nbsp;ماركة&nbsp;&nbsp;Bose,997.33
400,تنورةأصفر مقاسXXL   ماركة SONY,,680.78
401,Red  Skirt  XL,Product description for Red  Skirt  XL,718.1
402,Gucci  Purple  Monitor  XXL,Product description for Gucci  Purple  Monitor  XXL,305.24
403,لابتوب   بنفسجي   مقاسMماركة   Zara,Product description for لابتوب   بنفسجي   مقاسMماركة   Zara,999.13
404,Ray-Ban   Brown Backpack L,Product description for Ray-Ban   Brown Backpack L,604.15
405,White  Jeans   XL,Product description for White  Jeans   XL,257.62
406,كاميرا أزرقمقاس ماركة   Fossil,Product description for كاميرا أزرقمقاس ماركة   Fossil,123.35
407,معطف أخضر مقاس  S ماركة  Puma,Product description for معطف أخضر مقاس  S ماركة  Puma,
408,NIKE   GreenJeans,Product description for NIKE   GreenJeans,187.1
409,NikePurple T-Shirt  One Size,Product description for NikePurple T-Shirt  One Size,
410,معطف أسودمقاس   Mماركة   Sony,Product description for معطف أسودمقاس   Mماركة   Sony,499.0
411,جاكيت  رماديمقاس ماركة,Product description for جاكيت  رماديمقاس ماركة,147.53
412,لابتوب  أسودمقاس   M   ماركة,Product description for لابتوب  أسودمقاس   M   ماركة,987.01
413,تنورة  أحمرمقاس   One Size   ماركة,Product description for تنورة  أحمرمقاس   One Size   ماركة,361.15
414,Nike   Brown SpeakerXXL,Product description for Nike   Brown SpeakerXXL,699.68
415,Blue T-Shirt  L,Product description for Blue T-Shirt  L,315.95
416,قبعةأبيض   مقاس   XXL   ماركة,Product description for قبعةأبيض   مقاس   XXL   ماركة,760.01
417,قلادة  أزرق  مقاسL ماركة   Gucci,,739.3
418,PradaGrey  Smartwatch,Product description for PradaGrey  Smartwatch,662.02
419,H&M   Grey CameraOne Size,Product description for H&M   Grey CameraOne Size,36.4
420,GUCCIRed&nbsp;&nbsp;&nbsp;Shorts,Product description for GUCCIRed&nbsp;&nbsp;&nbsp;Shorts,764.0
421,وشاح   بنفسجي  مقاس ماركةSamsung,Product description for وشاح   بنفسجي  مقاس ماركةSamsung,910.74
422,ساعة   أحمر  مقاس Lماركة,Product description for ساعة   أحمر  مقاس Lماركة,429.37
423,حقيبة  Brown Sunglasses Size,Product description for حقيبة  Brown Sunglasses Size,304.57
424,ماوس   Brown Mouse   Size XXLBose,Product description for ماوس   Brown Mouse   Size XXLBose,913.93
425,ماوس&nbsp;&nbsp;أصفر&nbsp;&nbsp;&nbsp;مقاس&nbsp;&nbsp;ماركةCasio,,586.69
426,Yellow   Hat  One Size,Product description for Yellow   Hat  One Size,103.07
427,سترة  Green  Jeans Size   XXL,Product description for سترة  Green  Jeans Size   XXL,98.15
428,جاكيتأزرقمقاس&nbsp;ماركة&nbsp;ZARA,Product description for جاكيتأزرقمقاس&nbsp;ماركة&nbsp;ZARA,
429,محفظةبني   مقاس L ماركة  Sony,Product description for محفظةبني   مقاس L ماركة  Sony,231.16
430,شورت Purple Coat  Size  M  adidas,Product description for شورت Purple Coat  Size  M  adidas,19.23
431,ADIDAS   Yellow  SunglassesOne Size,Product description for ADIDAS   Yellow  SunglassesOne Size,583.77
432,Green   Speaker   XL,Product description for Green   Speaker   XL,249.78
433,fossil   RedSweater   One Size,Product description for fossil   RedSweater   One Size,276.72
434,جينز  أحمر  مقاس  ماركة  Samsung,Product description for جينز  أحمر  مقاس  ماركة  Samsung,
435,Casio   Brown   Belt,Product description for Casio   Brown   Belt,868.22
436,معطف  بنفسجيمقاس One Size  ماركة,,597.73
437,Apple  RedNecklace   XXL,Product description for Apple  RedNecklace   XXL,207.88
438,ساعة  Pink Scarf  Size  XXL,,201.66
439,محفظةرماديمقاس  XXL  ماركة,Product description for محفظةرماديمقاس  XXL  ماركة,
440,Yellow   Skirt,Product description for Yellow   Skirt,982.85
441,هاتف ذكيBlue Speaker  Size  S   LG,Product description for هاتف ذكيBlue Speaker  Size  S   LG,829.46
442,تابلت  Green   Tablet   SizeOne Size,Product description for تابلت  Green   Tablet   SizeOne Size,
443,تابلت  BrownLaptopSize One Size,,69.9
444,هوديGreen   SocksSize  L   Apple,Product description for هوديGreen   SocksSize  L   Apple,720.65
445,سترة أبيض   مقاس  XL   ماركة  fossil,Product description for سترة أبيض   مقاس  XL   ماركة  fossil,830.97
446,جينز  أزرق مقاس  M ماركةNike,Product description for جينز  أزرق مقاس  M ماركةNike,307.42
447,شاشة  رمادي   مقاس   S   ماركة   Casio,Product description for شاشة  رمادي   مقاس   S   ماركة   Casio,456.81
448,فستانWhiteDress Size One Size,Product description for فستانWhiteDress Size One Size,866.68
449,سترة&nbsp;&nbsp;أخضر&nbsp;&nbsp;&nbsp;مقاس&nbsp;&nbsp;&nbsp;L&nbsp;ماركة,,66.66
450,White Sweater   M,,14.56
451,هاتف ذكي   وردي  مقاس  ماركة  FOSSIL,Product description for هاتف ذكي   وردي  مقاس  ماركة  FOSSIL,167.09
452,Sony   Grey   Jacket,Product description for Sony   Grey   Jacket,507.87
453,ساعة   أسود  مقاس Mماركة,,727.72
454,شورت&nbsp;أزرق&nbsp;مقاس&nbsp;&nbsp;&nbsp;XXLماركة,Product description for شورت&nbsp;أزرق&nbsp;مقاس&nbsp;&nbsp;&nbsp;XXLماركة,983.47
455,قميص  Brown Coat Size  Adidas,,231.9
456,شاشة أسود مقاسM ماركة  Casio,Product description for شاشة أسود مقاسM ماركة  Casio,171.27
457,شاشةوردي   مقاس  XXLماركةBose,,858.1
458,جينز White   Skirt Size  One Size,,348.59
459,Grey  Keyboard XXL,Product description for Grey  Keyboard XXL,925.1
460,Prada   Blue  Keyboard XL,Product description for Prada   Blue  Keyboard XL,922.38
461,هاتف ذكي   أصفر  مقاسM ماركة   Adidas,,346.18
462,هاتف&nbsp;ذكيرمادي&nbsp;&nbsp;مقاس&nbsp;&nbsp;Mماركة,,630.67
463,جينزرمادي  مقاس  L   ماركة,Product description for جينزرمادي  مقاس  L   ماركة,67.85
464,unknown  Brown   LaptopM,,
465,GreenMonitor   S,Product description for GreenMonitor   S,383.05
466,هاتف ذكيBlue   Smartwatch   Size fossil,Product description for هاتف ذكيBlue   Smartwatch   Size fossil,993.85
467,casio  Red  JeansS,Product description for casio  Red  JeansS,805.52
468,CasioGrey   Backpack,,882.13
469,BlueShortsOne Size,Product description for BlueShortsOne Size,865.38
470,FOSSIL   BlackDress   L,Product description for FOSSIL   BlackDress   L,
471,Yellow  Dress   XXL,Product description for Yellow  Dress   XXL,109.21
472,هودي أزرق   مقاس  XXL  ماركة   Fossil,Product description for هودي أزرق   مقاس  XXL  ماركة   Fossil,246.32
473,حزام   أزرق مقاس   M   ماركة   APPLE,Product description for حزام   أزرق مقاس   M   ماركة   APPLE,629.8
474,جينز Black   Jacket  Size   XXL,,251.06
475,Black Sweater,Product description for Black Sweater,965.31
476,شاشة  White   SmartwatchSize   One Size Puma,Product description for شاشة  White   SmartwatchSize   One Size Puma,905.03
477,Sony  White   Socks  L,Product description for Sony  White   Socks  L,110.47
478,مكبر صوتRed  Speaker   Size  XXL SAMSUNG,Product description for مكبر صوتRed  Speaker   Size  XXL SAMSUNG,201.89
479,شاشة Red   LaptopSize  One Size UNKNOWN,,568.33
480,Casio   BrownJacket  XXL,,591.51
481,معطف   رمادي  مقاس   One Sizeماركة,Product description for معطف   رمادي  مقاس   One Sizeماركة,873.27
482,تنورة رمادي مقاس  S   ماركةAdidas,Product description for تنورة رمادي مقاس  S   ماركةAdidas,118.18
483,CasioBlackJacket L,,
484,حقيبةBlue   Wallet Size XXL,Product description for حقيبةBlue   Wallet Size XXL,320.34
485,ZaraBlackCamera S,Product description for ZaraBlackCamera S,384.42
486,Grey  Socks  M,Product description for Grey  Socks  M,36.27
487,قميص  Blue   Jacket   Size   Apple,,581.72
488,شورت أسود مقاس  ماركةUNKNOWN,Product description for شورت أسود مقاس  ماركةUNKNOWN,
489,هودي وردي   مقاس  XXLماركة,Product description for هودي وردي   مقاس  XXLماركة,771.94
490,Ray-Ban   BlueTabletXXL,Product description for Ray-Ban   BlueTabletXXL,106.73
491,لابتوبأزرق مقاس   Lماركة,Product description for لابتوبأزرق مقاس   Lماركة,724.31
492,فستان بنفسجيمقاس   ماركة Fossil,Product description for فستان بنفسجيمقاس   ماركة Fossil,623.55
493,Gucci Red  Sweater  XXL,,602.64
494,شورت  أبيض  مقاس   S  ماركة,Product description for شورت  أبيض  مقاس   S  ماركة,749.49
495,Purple   Wallet XL,Product description for Purple   Wallet XL,356.42
496,ساعة Brown Wallet   Size   Lnike,Product description for ساعة Brown Wallet   Size   Lnike,570.8
497,Black   Hat M,Product description for Black   Hat M,634.5
498,UNKNOWN YellowTabletXL,Product description for UNKNOWN YellowTabletXL,649.05
499,جاكيتأبيضمقاس S  ماركة,Product description for جاكيتأبيضمقاس S  ماركة,826.57
500,جوارب  رمادي مقاس  XL ماركة   Nike,Product description for جوارب  رمادي مقاس  XL ماركة   Nike,377.83
501,شورتGrey   T-ShirtSize XXLAdidas,Product description for شورتGrey   T-ShirtSize XXLAdidas,881.98
502,Brown  Jacket,Product description for Brown  Jacket,397.51
503,لوحة مفاتيح Pink   HeadphonesSize XXL Puma,Product description for لوحة مفاتيح Pink   HeadphonesSize XXL Puma,513.76
504,قلادة أسود مقاسLماركة   Adidas,Product description for قلادة أسود مقاسLماركة   Adidas,988.51
505,نظارات شمسية   أصفر  مقاس  One Sizeماركة  H&amp;M,Product description for نظارات شمسية   أصفر  مقاس  One Sizeماركة  H&amp;M,236.15
506,جوارب Black JeansSize XXLCasio,Product description for جوارب Black JeansSize XXLCasio,417.39
507,قبعة أبيضمقاس  S  ماركة   UNKNOWN,Product description for قبعة أبيضمقاس  S  ماركة   UNKNOWN,357.95
508,جينزأزرقمقاسS  ماركة,Product description for جينزأزرقمقاسS  ماركة,
509,تابلتأسود  مقاس  XXL   ماركة  Bose,Product description for تابلتأسود  مقاس  XXL   ماركة  Bose,
510,Bose  Yellow Coat,Product description for Bose  Yellow Coat,579.08
511,فستان   أزرقمقاس   L ماركة NIKE,,
512,Fossil Purple SunglassesXL,Product description for Fossil Purple SunglassesXL,551.81
513,fossilGrey Dress L,Product description for fossilGrey Dress L,812.29
514,لابتوب   Green   Headphones  Size  One Size   Samsung,Product description for لابتوب   Green   Headphones  Size  One Size   Samsung,587.12
515,جوارب  أخضر  مقاس   M   ماركة,Product description for جوارب  أخضر  مقاس   M   ماركة,333.19
516,SamsungGrey   Socks XL,Product description for SamsungGrey   Socks XL,354.8
517,حزام  أبيض  مقاسS  ماركة   NIKE,,933.24
518,PinkHat,,829.11
519,جاكيت  بني   مقاس   L  ماركة Nike,Product description for جاكيت  بني   مقاس   L  ماركة Nike,611.15
520,Blue Dress,Product description for Blue Dress,737.36
521,قميص  PurpleDress Size  One Size,Product description for قميص  PurpleDress Size  One Size,454.59
522,شاشة  Blue   Mouse  Size   M   Puma,Product description for شاشة  Blue   Mouse  Size   M   Puma,366.92
523,جاكيتأسود مقاس S ماركة,,48.9
524,BlackGloves XL,Product description for BlackGloves XL,942.27
525,كاميرا بنيمقاس   M   ماركة   Nike,,118.68
526,apple   WhiteJacket   L,Product description for apple   WhiteJacket   L,483.66
527,ماوس Purple   Headphones Size   M Puma,Product description for ماوس Purple   Headphones Size   M Puma,26.74
528,BrownCoat   S,Product description for BrownCoat   S,972.92
529,Black  Coat   L,Product description for Black  Coat   L,157.94
530,Red   Speaker  One Size,Product description for Red   Speaker  One Size,
531,حقيبة ظهر  بنفسجيمقاس S  ماركة  Casio,Product description for حقيبة ظهر  بنفسجيمقاس S  ماركة  Casio,727.7
532,شورتBrown   SocksSizeXL  Puma,Product description for شورتBrown   SocksSizeXL  Puma,120.43
533,لابتوب  Yellow  Camera  Size,Product description for لابتوب  Yellow  Camera  Size,917.0
534,lgPurple Socks,Product description for lgPurple Socks,59.61
535,قميص   بنيمقاسماركة  Sony,,380.87
536,bose  Green  BagM,Product description for bose  Green  BagM,570.46
537,كاميراأسودمقاس   ماركة   LG,Product description for كاميراأسودمقاس   ماركة   LG,693.96
538,Puma   BlackSpeaker   M,Product description for Puma   BlackSpeaker   M,548.21
539,Nike Brown Socks   S,Product description for Nike Brown Socks   S,
540,وشاحBrown Necklace   Size,,226.15
541,مكبر صوتأزرق  مقاس   XXL   ماركةPuma,,510.65
542,هودي بني   مقاس  XXL  ماركةBose,Product description for هودي بني   مقاس  XXL  ماركةBose,250.0
543,تنورة وردي مقاس ماركة  Fossil,Product description for تنورة وردي مقاس ماركة  Fossil,995.16
544,Casio   Yellow  Sweater  One Size,Product description for Casio   Yellow  Sweater  One Size,607.47
545,H&M  Yellow SunglassesXL,Product description for H&M  Yellow SunglassesXL,16.26
546,جاكيت وردي   مقاس XLماركةsamsung,,230.23
547,لوحة مفاتيح  أبيض مقاس  ماركة,Product description for لوحة مفاتيح  أبيض مقاس  ماركة,938.13
548,ماوس  بنفسجي  مقاس M ماركة,Product description for ماوس  بنفسجي  مقاس M ماركة,834.32
549,حقيبة&nbsp;ظهر&nbsp;&nbsp;&nbsp;بني&nbsp;مقاس&nbsp;One&nbsp;Sizeماركة,Product description for حقيبة&nbsp;ظهر&nbsp;&nbsp;&nbsp;بني&nbsp;مقاس&nbsp;One&nbsp;Sizeماركة,485.7
550,Zara&nbsp;Yellow&nbsp;&nbsp;&nbsp;CameraOne&nbsp;Size,Product description for Zara&nbsp;Yellow&nbsp;&nbsp;&nbsp;CameraOne&nbsp;Size,315.53
551,لابتوب  أبيض  مقاس   One Size ماركة  Fossil,Product description for لابتوب  أبيض  مقاس   One Size ماركة  Fossil,593.36
552,قبعة   أسود  مقاس   XXL  ماركة,Product description for قبعة   أسود  مقاس   XXL  ماركة,53.54
553,Red  Monitor  XL,Product description for Red  Monitor  XL,
554,جاكيت بني مقاسS  ماركةSamsung,Product description for جاكيت بني مقاسS  ماركةSamsung,228.55
555,جاكيت  أسودمقاس ماركة,Product description for جاكيت  أسودمقاس ماركة,233.67
556,Sony Purple   Smartphone,Product description for Sony Purple   Smartphone,39.12
557,Black   Keyboard   One Size,,420.39
558,قميصأحمرمقاس   XXL ماركة  Fossil,Product description for قميصأحمرمقاس   XXL ماركة  Fossil,737.29
559,Pink  T-Shirt L,Product description for Pink  T-Shirt L,373.26
560,Blue   Shorts,Product description for Blue   Shorts,847.72
561,H&MPink   Sunglasses  M,Product description for H&MPink   Sunglasses  M,967.65
562,لوحة مفاتيح   وردي  مقاس M  ماركة,Product description for لوحة مفاتيح   وردي  مقاس M  ماركة,576.37
563,FossilBrown  Dress  XXL,Product description for FossilBrown  Dress  XXL,158.21
564,Prada&nbsp;&nbsp;&nbsp;Pink&nbsp;&nbsp;JacketL,Product description for Prada&nbsp;&nbsp;&nbsp;Pink&nbsp;&nbsp;JacketL,99.43
565,casio  Green   Coat,Product description for casio  Green   Coat,903.18
566,Red  Watch,,176.46
567,سماعات   رمادي مقاس   Lماركة Nike,Product description for سماعات   رمادي مقاس   Lماركة Nike,133.77
568,حقيبة ظهر   Blue  Belt Size  MApple,,797.84
569,لابتوب أسود   مقاسXL   ماركة adidas,Product description for لابتوب أسود   مقاسXL   ماركة adidas,253.65
570,Gucci  Yellow Tablet  M,Product description for Gucci  Yellow Tablet  M,187.44
571,حزام  بني مقاس   S ماركة Puma,Product description for حزام  بني مقاس   S ماركة Puma,506.12
572,معطف أسود   مقاس  ماركةSamsung,Product description for معطف أسود   مقاس  ماركةSamsung,92.13
573,ZaraGrey  CameraS,Product description for ZaraGrey  CameraS,842.99
574,جوارب أحمر   مقاس  MماركةGucci,Product description for جوارب أحمر   مقاس  MماركةGucci,491.72
575,جوارب   أخضر مقاس   L ماركة,,
576,Apple   Purple   Smartphone XXL,Product description for Apple   Purple   Smartphone XXL,768.41
577,ساعةBrown Sunglasses  Size  XXLH&M,Product description for ساعةBrown Sunglasses  Size  XXLH&M,959.05
578,SamsungWhiteBelt L,Product description for SamsungWhiteBelt L,55.3
579,H&amp;M Purple   Shorts M,Product description for H&amp;M Purple   Shorts M,305.77
580,RAY-BAN   Black   Jeans  L,Product description for RAY-BAN   Black   Jeans  L,252.37
581,Apple  Pink   Smartwatch One Size,Product description for Apple  Pink   Smartwatch One Size,979.15
582,تنورةأخضر   مقاسL  ماركة,Product description for تنورةأخضر   مقاسL  ماركة,428.88
583,Brown Dress,Product description for Brown Dress,460.95
584,Bose&nbsp;BlackMouse&nbsp;&nbsp;&nbsp;One&nbsp;Size,,174.3
585,مكبر صوت   بنفسجي   مقاس  XXLماركة  Bose,Product description for مكبر صوت   بنفسجي   مقاس  XXLماركة  Bose,
586,Ray-BanBrown   BagM,Product description for Ray-BanBrown   BagM,983.32
587,حقيبة&nbsp;ظهر&nbsp;&nbsp;White&nbsp;&nbsp;&nbsp;Scarf&nbsp;&nbsp;Size&nbsp;M&nbsp;&nbsp;&nbsp;LG,Product description for حقيبة&nbsp;ظهر&nbsp;&nbsp;White&nbsp;&nbsp;&nbsp;Scarf&nbsp;&nbsp;Size&nbsp;M&nbsp;&nbsp;&nbsp;LG,546.99
588,كاميرا&nbsp;Green&nbsp;&nbsp;&nbsp;Camera&nbsp;&nbsp;&nbsp;SizeOne&nbsp;Size,,167.87
589,نظارات شمسية أسود  مقاس   L ماركة Prada,Product description for نظارات شمسية أسود  مقاس   L ماركة Prada,401.58
590,Fossil   Pink Dress   L,Product description for Fossil   Pink Dress   L,204.99
591,Blue   Hoodie  XXL,Product description for Blue   Hoodie  XXL,725.32
592,محفظة  بنيمقاس One Size  ماركة  Casio,,214.14
593,Purple Smartwatch  One Size,,696.07
594,شورت Pink  Skirt  Size   XXL,Product description for شورت Pink  Skirt  Size   XXL,
595,Puma   Red Sweater  S,,777.46
596,قميصأخضر مقاسXL  ماركة  Ray-Ban,Product description for قميصأخضر مقاسXL  ماركة  Ray-Ban,913.16
597,فستان  BlueJeans   Size XXL H&M,Product description for فستان  BlueJeans   Size XXL H&M,476.65
598,PumaBlue CoatXL,Product description for PumaBlue CoatXL,670.43
599,قميص بني   مقاس   S ماركة   Zara,Product description for قميص بني   مقاس   S ماركة   Zara,461.49
600,جينز  أسود مقاس   Lماركة Adidas,Product description for جينز  أسود مقاس   Lماركة Adidas,565.07
601,سماعات Green Camera  Size  M,Product description for سماعات Green Camera  Size  M,348.46
602,فستانأزرقمقاس ماركة,Product description for فستانأزرقمقاس ماركة,821.2
603,Grey SmartphoneM,Product description for Grey SmartphoneM,65.25
604,ساعةأصفرمقاس  ماركة,Product description for ساعةأصفرمقاس  ماركة,26.06
605,Prada PinkDress  XXL,Product description for Prada PinkDress  XXL,499.69
606,ساعة   وردي مقاس ماركة  prada,Product description for ساعة   وردي مقاس ماركة  prada,449.91
607,معطف  أبيض مقاس   LماركةBose,Product description for معطف  أبيض مقاس   LماركةBose,546.98
608,جوارب Grey   Jeans   Size  XL,Product description for جوارب Grey   Jeans   Size  XL,172.46
609,adidasPurpleSmartphoneXL,Product description for adidasPurpleSmartphoneXL,28.71
610,شورت أبيض   مقاس  XLماركة   Apple,Product description for شورت أبيض   مقاس  XLماركة   Apple,239.01
611,مكبر صوت Grey   Smartphone Size Lsamsung,Product description for مكبر صوت Grey   Smartphone Size Lsamsung,932.52
612,ماوس Blue  Monitor  SizeCasio,Product description for ماوس Blue  Monitor  SizeCasio,317.36
613,هوديBrown   Skirt  Size   XXL H&M,Product description for هوديBrown   Skirt  Size   XXL H&M,252.52
614,شورت   White Hoodie   SizeL,Product description for شورت   White Hoodie   SizeL,
615,قلادة   ورديمقاس One Sizeماركة UNKNOWN,Product description for قلادة   ورديمقاس One Sizeماركة UNKNOWN,308.41
616,محفظةأسودمقاس  XXL   ماركة,Product description for محفظةأسودمقاس  XXL   ماركة,533.86
617,NIKE Grey   Headphones   XXL,Product description for NIKE Grey   Headphones   XXL,265.96
618,سترةPink Dress  Size  XL,Product description for سترةPink Dress  Size  XL,197.36
619,zara White   JacketXXL,Product description for zara White   JacketXXL,732.63
620,تابلت  أزرق مقاسماركة   Ray-Ban,Product description for تابلت  أزرق مقاسماركة   Ray-Ban,552.49
621,Sony White Coat,,225.18
622,قميص   بنيمقاس   XL  ماركة  Ray-Ban,Product description for قميص   بنيمقاس   XL  ماركة  Ray-Ban,629.77
623,جينز&nbsp;&nbsp;أبيض&nbsp;مقاسXL&nbsp;ماركة&nbsp;&nbsp;LG,Product description for جينز&nbsp;&nbsp;أبيض&nbsp;مقاسXL&nbsp;ماركة&nbsp;&nbsp;LG,52.91
624,جاكيت   وردي  مقاس One SizeماركةBose,Product description for جاكيت   وردي  مقاس One SizeماركةBose,725.54
625,samsung Grey Jacket   XL,Product description for samsung Grey Jacket   XL,61.95
626,قفازات   بنفسجي   مقاس   ماركة,Product description for قفازات   بنفسجي   مقاس   ماركة,50.12
627,مكبر صوت   رمادي   مقاسM   ماركة   H&M,Product description for مكبر صوت   رمادي   مقاسM   ماركة   H&M,785.87
628,GreyTablet S,Product description for GreyTablet S,360.89
629,Adidas  Red   Belt,Product description for Adidas  Red   Belt,148.64
630,WhiteCoatS,Product description for WhiteCoatS,643.47
631,PumaPinkCoatM,,254.81
632,سترة وردي مقاس ماركة   Bose,Product description for سترة وردي مقاس ماركة   Bose,197.32
633,Grey   Dress   XL,,206.27
634,قميص   أحمر   مقاس  One Size  ماركةZara,Product description for قميص   أحمر   مقاس  One Size  ماركةZara,277.52
635,SamsungBlack  Necklace L,Product description for SamsungBlack  Necklace L,951.98
636,حقيبة  Brown   Scarf   Size   M,Product description for حقيبة  Brown   Scarf   Size   M,793.39
637,Puma   BlackLaptop   XL,,
638,نظارات شمسية  White   Scarf  Size,Product description for نظارات شمسية  White   Scarf  Size,369.85
639,لوحة مفاتيح   أحمرمقاس   M   ماركة,Product description for لوحة مفاتيح   أحمرمقاس   M   ماركة,120.58
640,قميص GreyShorts Size   XL  fossil,Product description for قميص GreyShorts Size   XL  fossil,930.76
641,Prada PinkJacket  M,Product description for Prada PinkJacket  M,449.41
642,معطف أزرق   مقاسSماركة,,262.18
643,RedSocks  S,Product description for RedSocks  S,932.71
644,تابلت  بنفسجيمقاس S  ماركة  H&M,Product description for تابلت  بنفسجيمقاس S  ماركة  H&M,999.2
645,BlackMouse,Product description for BlackMouse,511.89
646,تنورة  Pink   SocksSizeOne Size  zara,Product description for تنورة  Pink   SocksSizeOne Size  zara,831.4
647,حزام  وردي مقاس XXL   ماركة Prada,Product description for حزام  وردي مقاس XXL   ماركة Prada,709.31
648,معطفPurpleShortsSize   S   Sony,,597.91
649,فستان  بني  مقاسXLماركة Nike,Product description for فستان  بني  مقاسXLماركة Nike,428.86
650,Ray-Ban Yellow Keyboard XXL,Product description for Ray-Ban Yellow Keyboard XXL,79.55
651,zara Green Smartphone,Product description for zara Green Smartphone,831.8
652,Pink   Necklace M,,10.61
653,APPLE Blue Keyboard XL,Product description for APPLE Blue Keyboard XL,148.1
654,LG&nbsp;&nbsp;&nbsp;Purple&nbsp;&nbsp;Jacket,Product description for LG&nbsp;&nbsp;&nbsp;Purple&nbsp;&nbsp;Jacket,662.87
655,جاكيت  Green Socks SizeS  UNKNOWN,,111.79
656,Purple   Dress S,Product description for Purple   Dress S,991.32
657,BoseWhite   Headphones   M,,819.3
658,حقيبة ظهر   رمادي مقاسماركةApple,Product description for حقيبة ظهر   رمادي مقاسماركةApple,504.53
659,لابتوب YellowMouse  SizeXL,Product description for لابتوب YellowMouse  SizeXL,66.0
660,ساعةبنفسجي مقاس  XXL  ماركة   PUMA,,486.51
661,Casio GreenSkirt,Product description for Casio GreenSkirt,134.55
662,Bose  RedT-ShirtS,Product description for Bose  RedT-ShirtS,871.88
663,Puma Yellow   Jacket   XL,Product description for Puma Yellow   Jacket   XL,868.55
664,هاتف ذكي  أصفر  مقاس  One Size ماركة   LG,Product description for هاتف ذكي  أصفر  مقاس  One Size ماركة   LG,26.74
665,شاشة وردي مقاس M   ماركةBose,Product description for شاشة وردي مقاس M   ماركةBose,
666,ساعة&nbsp;ذكية&nbsp;&nbsp;Purple&nbsp;Speaker&nbsp;&nbsp;&nbsp;Size&nbsp;&nbsp;XL,Product description for ساعة&nbsp;ذكية&nbsp;&nbsp;Purple&nbsp;Speaker&nbsp;&nbsp;&nbsp;Size&nbsp;&nbsp;XL,432.11
667,تنورةPink   T-ShirtSize XL  lg,Product description for تنورةPink   T-ShirtSize XL  lg,81.47
668,مكبر صوت   RedHeadphones   Size  XL  Zara,Product description for مكبر صوت   RedHeadphones   Size  XL  Zara,999.91
669,معطف   أصفر مقاسS ماركة puma,,
670,شاشةGreyHeadphonesSize  Gucci,Product description for شاشةGreyHeadphonesSize  Gucci,
671,سماعات   WhiteCamera   Size  MPuma,Product description for سماعات   WhiteCamera   Size  MPuma,497.64
672,جواربأخضر مقاس ماركة   ray-ban,Product description for جواربأخضر مقاس ماركة   ray-ban,769.09
673,تابلت   Blue Headphones SizeM  Casio,Product description for تابلت   Blue Headphones SizeM  Casio,483.56
674,جاكيتأخضرمقاس&nbsp;&nbsp;Sماركة&nbsp;Prada,Product description for جاكيتأخضرمقاس&nbsp;&nbsp;Sماركة&nbsp;Prada,484.14
675,لوحة مفاتيح   وردي   مقاس XL ماركة Sony,Product description for لوحة مفاتيح   وردي   مقاس XL ماركة Sony,
676,SamsungRed  T-Shirt  L,,755.23
677,ZARARed KeyboardXL,,
678,Black  Dress   S,Product description for Black  Dress   S,830.24
679,وشاحأخضرمقاسOne Sizeماركة Fossil,Product description for وشاحأخضرمقاسOne Sizeماركة Fossil,221.2
680,تابلتبنفسجي مقاس XXL ماركة   Ray-Ban,Product description for تابلتبنفسجي مقاس XXL ماركة   Ray-Ban,
681,هاتف ذكيرمادي  مقاسS  ماركة,Product description for هاتف ذكيرمادي  مقاسS  ماركة,38.1
682,ماوس   بنفسجيمقاس Sماركة   Prada,Product description for ماوس   بنفسجيمقاس Sماركة   Prada,750.6
683,سترة&nbsp;&nbsp;&nbsp;Pink&nbsp;Hoodie&nbsp;&nbsp;&nbsp;Size&nbsp;&nbsp;M&nbsp;&nbsp;Adidas,Product description for سترة&nbsp;&nbsp;&nbsp;Pink&nbsp;Hoodie&nbsp;&nbsp;&nbsp;Size&nbsp;&nbsp;M&nbsp;&nbsp;Adidas,238.88
684,لوحة مفاتيح  أبيض   مقاس  XXL   ماركة   Nike,,870.85
685,هاتف ذكي BlackHeadphonesSize SLG,Product description for هاتف ذكي BlackHeadphonesSize SLG,968.76
686,فستان&nbsp;&nbsp;وردي&nbsp;&nbsp;&nbsp;مقاس&nbsp;&nbsp;S&nbsp;&nbsp;&nbsp;ماركة,Product description for فستان&nbsp;&nbsp;وردي&nbsp;&nbsp;&nbsp;مقاس&nbsp;&nbsp;S&nbsp;&nbsp;&nbsp;ماركة,527.46
687,Pink Jacket XL,Product description for Pink Jacket XL,438.46
688,قبعة أزرق مقاس  ماركةPuma,Product description for قبعة أزرق مقاس  ماركةPuma,
689,شاشة   PinkHeadphones   Size  S  CASIO,Product description for شاشة   PinkHeadphones   Size  S  CASIO,669.61
690,ساعة ذكية White  Camera Size,,243.68
691,H&amp;MYellow Keyboard  L,Product description for H&amp;MYellow Keyboard  L,373.2
692,قميص   أصفرمقاس   XL  ماركة,Product description for قميص   أصفرمقاس   XL  ماركة,442.78
693,Apple  Brown  Hoodie XL,,31.42
694,Green  Belt  XL,Product description for Green  Belt  XL,215.43
695,حزامرمادي   مقاسSماركة Nike,Product description for حزامرمادي   مقاسSماركة Nike,49.37
696,White  Hoodie S,Product description for White  Hoodie S,474.92
697,قميص  Red  JeansSize   Bose,Product description for قميص  Red  JeansSize   Bose,959.82
698,سترة   وردي  مقاس  One Size ماركةPuma,Product description for سترة   وردي  مقاس  One Size ماركةPuma,281.53
699,مكبر صوتبني مقاس One Size   ماركة,Product description for مكبر صوتبني مقاس One Size   ماركة,296.45
700,LG  PinkMonitor   L,Product description for LG  PinkMonitor   L,432.55
701,تنورةأبيض&nbsp;&nbsp;مقاس&nbsp;&nbsp;XL&nbsp;ماركة,Product description for تنورةأبيض&nbsp;&nbsp;مقاس&nbsp;&nbsp;XL&nbsp;ماركة,283.14
702,جاكيت أزرق   مقاسMماركة,,843.05
703,جوارب BrownCoat  SizeXLPuma,Product description for جوارب BrownCoat  SizeXLPuma,736.14
704,Samsung Blue   Headphones,Product description for Samsung Blue   Headphones,935.38
705,Green  Mouse  M,Product description for Green  Mouse  M,311.52
706,Blue   ScarfXL,,729.63
707,محفظة   أسود مقاس One Size   ماركة,Product description for محفظة   أسود مقاس One Size   ماركة,130.88
708,Fossil   Black Speaker One Size,Product description for Fossil   Black Speaker One Size,892.3
709,تنورة PinkT-Shirt   Size,Product description for تنورة PinkT-Shirt   Size,576.02
710,Prada   WhiteSpeakerM,Product description for Prada   WhiteSpeakerM,521.2
711,قلادة   بني   مقاسXXL ماركةcasio,Product description for قلادة   بني   مقاسXXL ماركةcasio,994.64
712,لابتوب  أبيض مقاس XXL  ماركة FOSSIL,Product description for لابتوب  أبيض مقاس XXL  ماركة FOSSIL,575.0
713,جينز أبيضمقاسLماركة,,683.55
714,كاميرا   Green   SmartphoneSize,Product description for كاميرا   Green   SmartphoneSize,516.38
715,محفظةأحمرمقاس   XXL ماركةFossil,Product description for محفظةأحمرمقاس   XXL ماركةFossil,746.19
716,UNKNOWN  Grey  Smartwatch  XXL,Product description for UNKNOWN  Grey  Smartwatch  XXL,562.13
717,Purple SocksXXL,Product description for Purple SocksXXL,
718,سماعات&nbsp;&nbsp;&nbsp;وردي&nbsp;&nbsp;مقاس&nbsp;S&nbsp;&nbsp;ماركة&nbsp;H&M,Product description for سماعات&nbsp;&nbsp;&nbsp;وردي&nbsp;&nbsp;مقاس&nbsp;S&nbsp;&nbsp;ماركة&nbsp;H&M,934.69
719,BlackSocks,Product description for BlackSocks,408.25
720,شاشةYellow Speaker Size XXLzara,,422.15
721,قلادة  أحمر   مقاس ماركة,,408.23
722,حقيبة Green   Watch   Size  XXL Gucci,Product description for حقيبة Green   Watch   Size  XXL Gucci,34.81
723,Fossil BlackCoat XL,Product description for Fossil BlackCoat XL,323.85
724,BlackWallet XXL,,96.82
725,كاميرا  وردي  مقاس  One Size   ماركة,,913.43
726,حزام بنفسجيمقاس M  ماركة,Product description for حزام بنفسجيمقاس M  ماركة,265.29
727,تنورة   أحمرمقاس XXL  ماركةGucci,Product description for تنورة   أحمرمقاس XXL  ماركةGucci,434.51
728,Prada  RedHoodieS,Product description for Prada  RedHoodieS,821.76
729,لابتوب  أبيضمقاسXXLماركة  fossil,Product description for لابتوب  أبيضمقاسXXLماركة  fossil,135.41
730,Red   Sweater   M,Product description for Red   Sweater   M,647.91
731,سماعات  BlueMouseSize  M   Apple,Product description for سماعات  BlueMouseSize  M   Apple,
732,شاشةبنيمقاس  S ماركة,,364.51
733,معطف   وردي مقاس  XL  ماركة,Product description for معطف   وردي مقاس  XL  ماركة,963.26
734,لوحة مفاتيح  أخضر  مقاس   XXLماركة,Product description for لوحة مفاتيح  أخضر  مقاس   XXLماركة,998.24
735,LG Grey  Backpack,Product description for LG Grey  Backpack,601.84
736,قلادة&nbsp;&nbsp;رمادي&nbsp;مقاس&nbsp;&nbsp;&nbsp;ماركةFossil,Product description for قلادة&nbsp;&nbsp;رمادي&nbsp;مقاس&nbsp;&nbsp;&nbsp;ماركةFossil,94.95
737,تنورةأحمر مقاس M ماركةNike,Product description for تنورةأحمر مقاس M ماركةNike,874.0
738,حزامورديمقاس   XXLماركة SAMSUNG,Product description for حزامورديمقاس   XXLماركة SAMSUNG,774.64
739,ماوس  وردي مقاس   ماركة fossil,Product description for ماوس  وردي مقاس   ماركة fossil,608.66
740,قلادة  أبيض  مقاسOne Sizeماركة  Prada,Product description for قلادة  أبيض  مقاسOne Sizeماركة  Prada,937.85
741,LG   White   SkirtOne Size,Product description for LG   White   SkirtOne Size,
742,Adidas Green Wallet  L,Product description for Adidas Green Wallet  L,545.84
743,فستان   Blue  Coat Size   XL  Sony,Product description for فستان   Blue  Coat Size   XL  Sony,274.87
744,شورت   أسود   مقاس   Lماركة UNKNOWN,Product description for شورت   أسود   مقاس   Lماركة UNKNOWN,113.2
745,ماوس   رمادي  مقاس  XXL ماركة   Apple,Product description for ماوس   رمادي  مقاس  XXL ماركة   Apple,338.77
746,كاميرا أحمر مقاسL  ماركة,Product description for كاميرا أحمر مقاسL  ماركة,811.38
747,حقيبة  Green Bag  Size   SGucci,Product description for حقيبة  Green Bag  Size   SGucci,770.72
748,جاكيتأحمر مقاس S ماركة,Product description for جاكيتأحمر مقاس S ماركة,761.56
749,فستان  وردي   مقاس  XL ماركة,Product description for فستان  وردي   مقاس  XL ماركة,147.88
750,Zara&nbsp;&nbsp;&nbsp;Black&nbsp;&nbsp;SmartphoneOne&nbsp;Size,,
751,مكبر صوتأسود مقاس   XXL ماركة  Samsung,Product description for مكبر صوتأسود مقاس   XXL ماركة  Samsung,844.95
752,Puma Red  Watch  XL,Product description for Puma Red  Watch  XL,190.47
753,جوارب أزرق   مقاس  ماركة,,684.82
754,جينز&nbsp;PinkJeansSize&nbsp;&nbsp;XXL&nbsp;UNKNOWN,Product description for جينز&nbsp;PinkJeansSize&nbsp;&nbsp;XXL&nbsp;UNKNOWN,807.18
755,جوارب   BrownCoatSize  XXL,Product description for جوارب   BrownCoatSize  XXL,669.06
756,Zara   Grey NecklaceL,Product description for Zara   Grey NecklaceL,410.38
757,تابلت رمادي مقاسMماركة   Samsung,Product description for تابلت رمادي مقاسMماركة   Samsung,162.57
758,لابتوب White  SpeakerSize L  Sony,Product description for لابتوب White  SpeakerSize L  Sony,750.77
759,حقيبة ظهربني مقاسSماركة,Product description for حقيبة ظهربني مقاسSماركة,882.77
760,ماوسأخضر  مقاس   Lماركة   SAMSUNG,Product description for ماوسأخضر  مقاس   Lماركة   SAMSUNG,920.08
761,Blue   T-Shirt,Product description for Blue   T-Shirt,906.17
762,H&M Blue   Skirt,Product description for H&M Blue   Skirt,483.44
763,جوارب بنفسجي مقاس ماركة,Product description for جوارب بنفسجي مقاس ماركة,754.94
764,Samsung  Brown  Wallet  XXL,,66.93
765,ساعة ذكية  Green  Headphones SizeXL,Product description for ساعة ذكية  Green  Headphones SizeXL,774.92
766,AppleYellow Mouse   S,Product description for AppleYellow Mouse   S,635.23
767,وشاح  White Hat Size S ray-ban,Product description for وشاح  White Hat Size S ray-ban,140.14
768,Nike&nbsp;&nbsp;&nbsp;White&nbsp;&nbsp;&nbsp;HoodieS,Product description for Nike&nbsp;&nbsp;&nbsp;White&nbsp;&nbsp;&nbsp;HoodieS,383.67
769,جوارب أبيض مقاس  XLماركة   Bose,Product description for جوارب أبيض مقاس  XLماركة   Bose,422.39
770,سماعات  Black   Mouse   Size MApple,Product description for سماعات  Black   Mouse   Size MApple,79.02
771,Grey   Skirt One Size,Product description for Grey   Skirt One Size,496.46
772,معطف  White   Hoodie   SizeS,Product description for معطف  White   Hoodie   SizeS,256.4
773,هاتف ذكيوردي   مقاسXXLماركة   Prada,Product description for هاتف ذكيوردي   مقاسXXLماركة   Prada,842.63
774,حقيبة بنيمقاسماركة Nike,,892.03
775,فستان أصفرمقاسماركة   Apple,,580.29
776,كاميرا أحمر مقاس One Size  ماركةGucci,Product description for كاميرا أحمر مقاس One Size  ماركةGucci,524.42
777,GUCCI  White  Necklace  S,Product description for GUCCI  White  Necklace  S,417.05
778,سترة  أحمر مقاس XXL  ماركة Adidas,Product description for سترة  أحمر مقاس XXL  ماركة Adidas,504.36
779,جاكيت  Brown   Shorts Size  L   Adidas,Product description for جاكيت  Brown   Shorts Size  L   Adidas,978.37
780,تنورة  أزرقمقاس  ماركة   casio,,99.51
781,سماعات   رمادي  مقاس  L ماركة Ray-Ban,Product description for سماعات   رمادي  مقاس  L ماركة Ray-Ban,522.67
782,سترةأصفر مقاس ماركةpuma,,505.84
783,Blue  Jeans XL,Product description for Blue  Jeans XL,462.77
784,مكبر صوت  بنفسجي مقاس  ماركة  Gucci,Product description for مكبر صوت  بنفسجي مقاس  ماركة  Gucci,719.98
785,nikeBrown  Watch   XXL,Product description for nikeBrown  Watch   XXL,471.36
786,لوحة&nbsp;مفاتيح&nbsp;&nbsp;بني&nbsp;&nbsp;&nbsp;مقاس&nbsp;&nbsp;L&nbsp;&nbsp;&nbsp;ماركة,Product description for لوحة&nbsp;مفاتيح&nbsp;&nbsp;بني&nbsp;&nbsp;&nbsp;مقاس&nbsp;&nbsp;L&nbsp;&nbsp;&nbsp;ماركة,615.58
787,هودي   رمادي  مقاس   Lماركة   Puma,Product description for هودي   رمادي  مقاس   Lماركة   Puma,975.4
788,CASIOWhite  Shorts   S,Product description for CASIOWhite  Shorts   S,863.6
789,لوحة مفاتيحأبيض  مقاسOne Sizeماركة   Adidas,Product description for لوحة مفاتيحأبيض  مقاسOne Sizeماركة   Adidas,46.25
790,معطف  رمادي  مقاس  M  ماركة,Product description for معطف  رمادي  مقاس  M  ماركة,721.54
791,قميص  Grey Jacket  Size  MNIKE,Product description for قميص  Grey Jacket  Size  MNIKE,972.08
792,ساعة ذكية  أسود مقاس  S  ماركة,Product description for ساعة ذكية  أسود مقاس  S  ماركة,242.19
793,Purple  Jeans   L,Product description for Purple  Jeans   L,83.21
794,هودي   Black  Jeans   SizeM,Product description for هودي   Black  Jeans   SizeM,538.34
795,casio  Brown  LaptopL,Product description for casio  Brown  LaptopL,778.51
796,Green  Tablet L,,463.41
797,قميص Blue  Skirt  SizeXXLCASIO,Product description for قميص Blue  Skirt  SizeXXLCASIO,793.01
798,هودي&nbsp;&nbsp;&nbsp;Green&nbsp;&nbsp;&nbsp;Dress&nbsp;Size&nbsp;&nbsp;&nbsp;XL&nbsp;&nbsp;Sony,,39.32
799,ساعة أبيض  مقاس   L ماركة  Zara,Product description for ساعة أبيض  مقاس   L ماركة  Zara,333.76
800,Red Coat  S,Product description for Red Coat  S,323.95
801,Brown  LaptopM,Product description for Brown  LaptopM,197.72
802,Bose   Black  Headphones  One Size,Product description for Bose   Black  Headphones  One Size,723.37
803,شاشة   أحمرمقاس   ماركة   Sony,Product description for شاشة   أحمرمقاس   ماركة   Sony,312.38
804,LG   Blue  ScarfM,Product description for LG   Blue  ScarfM,321.83
805,قبعة   أزرق  مقاسXL   ماركةZara,Product description for قبعة   أزرق  مقاسXL   ماركةZara,559.76
806,Zara  YellowSocksS,Product description for Zara  YellowSocksS,579.95
807,لوحة مفاتيح   Blue MouseSize XXL  LG,Product description for لوحة مفاتيح   Blue MouseSize XXL  LG,889.15
808,قميص أخضر   مقاس  XXL  ماركة  Zara,Product description for قميص أخضر   مقاس  XXL  ماركة  Zara,27.5
809,فستان أخضر  مقاس   XL ماركة LG,Product description for فستان أخضر  مقاس   XL ماركة LG,971.57
810,مكبر صوت Pink   Monitor  Size  S Fossil,Product description for مكبر صوت Pink   Monitor  Size  S Fossil,285.84
811,Green MouseM,Product description for Green MouseM,577.39
812,Grey   Headphones S,Product description for Grey   Headphones S,503.92
813,AppleGrey   Coat   M,Product description for AppleGrey   Coat   M,432.71
814,لابتوبأزرق مقاس  XLماركةCasio,Product description for لابتوبأزرق مقاس  XLماركةCasio,508.86
815,سماعات Brown  Speaker SizeXL   Prada,Product description for سماعات Brown  Speaker SizeXL   Prada,490.95
816,H&MBlue JeansOne Size,Product description for H&MBlue JeansOne Size,241.29
817,لوحة مفاتيحأزرقمقاس   One Size   ماركةRay-Ban,Product description for لوحة مفاتيحأزرقمقاس   One Size   ماركةRay-Ban,51.93
818,Grey Camera,Product description for Grey Camera,493.66
819,جاكيتأخضر  مقاس   Lماركة,Product description for جاكيتأخضر  مقاس   Lماركة,662.92
820,جوارب  بنفسجي   مقاس  ماركةApple,Product description for جوارب  بنفسجي   مقاس  ماركةApple,356.55
821,مكبر صوت   أزرق  مقاس  S   ماركة  Bose,Product description for مكبر صوت   أزرق  مقاس  S   ماركة  Bose,551.13
822,Gucci   Purple   T-Shirt   One Size,,348.43
823,فستانأبيض  مقاس  ماركةPuma,Product description for فستانأبيض  مقاس  ماركةPuma,957.86
824,نظارات شمسية  أسود مقاس One Size   ماركة  Casio,Product description for نظارات شمسية  أسود مقاس One Size   ماركة  Casio,800.25
825,جينزأحمر مقاس XL  ماركة,Product description for جينزأحمر مقاس XL  ماركة,
826,هاتف&nbsp;ذكي&nbsp;&nbsp;أحمر&nbsp;مقاس&nbsp;One&nbsp;Size&nbsp;&nbsp;ماركة&nbsp;&nbsp;&nbsp;Casio,Product description for هاتف&nbsp;ذكي&nbsp;&nbsp;أحمر&nbsp;مقاس&nbsp;One&nbsp;Size&nbsp;&nbsp;ماركة&nbsp;&nbsp;&nbsp;Casio,250.4
827,قفازات   Brown   Bag  Size   MSony,Product description for قفازات   Brown   Bag  Size   MSony,198.34
828,معطف أبيضمقاس One Sizeماركة Nike,Product description for معطف أبيضمقاس One Sizeماركة Nike,706.59
829,هاتف ذكي  Purple Tablet   Size   L,Product description for هاتف ذكي  Purple Tablet   Size   L,248.82
830,قبعة أخضر   مقاس   ماركة  Fossil,Product description for قبعة أخضر   مقاس   ماركة  Fossil,392.72
831,Purple Coat M,Product description for Purple Coat M,158.76
832,UNKNOWN  Green   Skirt,Product description for UNKNOWN  Green   Skirt,637.59
833,حقيبة بنفسجي   مقاس   XXL  ماركة  Adidas,Product description for حقيبة بنفسجي   مقاس   XXL  ماركة  Adidas,
834,Adidas   Pink SweaterM,Product description for Adidas   Pink SweaterM,250.01
835,قفازاتأزرقمقاسماركة,Product description for قفازاتأزرقمقاسماركة,28.35
836,سترة  Brown   Coat Size,Product description for سترة  Brown   Coat Size,692.54
837,لوحة مفاتيح   أصفرمقاس ماركة,Product description for لوحة مفاتيح   أصفرمقاس ماركة,
838,كاميرا   بنيمقاس  Sماركة  H&M,Product description for كاميرا   بنيمقاس  Sماركة  H&M,986.89
839,جاكيتRedDress Size  LLG,Product description for جاكيتRedDress Size  LLG,218.28
840,Casio   Purple   Sunglasses   One Size,Product description for Casio   Purple   Sunglasses   One Size,
841,H&M   Yellow   Tablet  L,Product description for H&M   Yellow   Tablet  L,775.06
842,Apple  Yellow NecklaceS,Product description for Apple  Yellow NecklaceS,553.48
843,جاكيت  أبيض مقاسماركة  Adidas,Product description for جاكيت  أبيض مقاسماركة  Adidas,41.91
844,AdidasBlack Belt,Product description for AdidasBlack Belt,27.45
845,جينز أحمر  مقاس  XXL   ماركة adidas,Product description for جينز أحمر  مقاس  XXL   ماركة adidas,
846,Black  ShortsS,,320.53
847,Bose   Black   Watch One Size,,616.06
848,Gucci   Blue Jacket   M,,579.46
849,Prada  WhiteHeadphones S,Product description for Prada  WhiteHeadphones S,129.19
850,مكبر صوتوردي   مقاس   ماركةAdidas,,307.49
851,Purple   Laptop  XL,Product description for Purple   Laptop  XL,333.35
852,جاكيت  أزرق   مقاس   One Size ماركة  Zara,,31.54
853,سترة   أبيض  مقاس  S ماركةApple,Product description for سترة   أبيض  مقاس  S ماركةApple,568.68
854,BosePurple Skirt   S,Product description for BosePurple Skirt   S,
855,Green&nbsp;&nbsp;&nbsp;Gloves&nbsp;&nbsp;One&nbsp;Size,Product description for Green&nbsp;&nbsp;&nbsp;Gloves&nbsp;&nbsp;One&nbsp;Size,
856,Fossil  Purple  Smartwatch  M,Product description for Fossil  Purple  Smartwatch  M,
857,جينز&nbsp;&nbsp;&nbsp;Green&nbsp;&nbsp;&nbsp;JacketSize&nbsp;&nbsp;&nbsp;Fossil,Product description for جينز&nbsp;&nbsp;&nbsp;Green&nbsp;&nbsp;&nbsp;JacketSize&nbsp;&nbsp;&nbsp;Fossil,430.24
858,معطفأسود مقاسماركة Prada,Product description for معطفأسود مقاسماركة Prada,
859,جوارب&nbsp;بني&nbsp;مقاس&nbsp;One&nbsp;Sizeماركة&nbsp;&nbsp;Adidas,,283.83
860,لابتوب   أحمر   مقاس  XL  ماركة  Prada,Product description for لابتوب   أحمر   مقاس  XL  ماركة  Prada,515.1
861,حقيبة ظهرأخضر   مقاس  M ماركة,Product description for حقيبة ظهرأخضر   مقاس  M ماركة,384.15
862,Gucci  Grey  Gloves,Product description for Gucci  Grey  Gloves,648.53
863,شورتبنفسجي مقاس   M  ماركةRay-Ban,,790.69
864,تنورة  أصفرمقاس   XL   ماركة   Samsung,Product description for تنورة  أصفرمقاس   XL   ماركة   Samsung,819.16
865,UNKNOWN Blue   Laptop XXL,,303.22
866,فستان أسود   مقاس  XXL  ماركة,Product description for فستان أسود   مقاس  XXL  ماركة,143.2
867,شاشة   أخضر   مقاس   SماركةH&M,Product description for شاشة   أخضر   مقاس   SماركةH&M,247.44
868,هاتف ذكي   ورديمقاس S ماركة  Adidas,Product description for هاتف ذكي   ورديمقاس S ماركة  Adidas,596.48
869,Fossil   Red   Speaker   XL,Product description for Fossil   Red   Speaker   XL,167.77
870,سترةBlue   Jeans SizeXXL  Samsung,Product description for سترةBlue   Jeans SizeXXL  Samsung,983.7
871,Bose  White  Jeans  L,Product description for Bose  White  Jeans  L,336.37
872,Red  Hoodie   XXL,,316.72
873,Pink   Socks  One Size,Product description for Pink   Socks  One Size,403.44
874,Samsung  Black   Coat  XXL,Product description for Samsung  Black   Coat  XXL,285.45
875,فستان   أصفر   مقاس  XL   ماركةLG,Product description for فستان   أصفر   مقاس  XL   ماركةLG,177.62
876,ماوس أسود مقاس   One Sizeماركة Apple,Product description for ماوس أسود مقاس   One Sizeماركة Apple,
877,Fossil   Yellow  Socks L,Product description for Fossil   Yellow  Socks L,633.05
878,BlueWatchXXL,Product description for BlueWatchXXL,964.07
879,Blue   Socks M,Product description for Blue   Socks M,765.3
880,لابتوبأبيضمقاس  S  ماركة Adidas,Product description for لابتوبأبيضمقاس  S  ماركة Adidas,726.67
881,قبعة Purple ScarfSizeS adidas,Product description for قبعة Purple ScarfSizeS adidas,61.47
882,جوارب  وردي مقاسL ماركة   LG,Product description for جوارب  وردي مقاسL ماركة   LG,485.99
883,Adidas  Grey  Socks,Product description for Adidas  Grey  Socks,495.0
884,Samsung White  Tablet  XL,Product description for Samsung White  Tablet  XL,793.63
885,GucciPurple   T-Shirt L,Product description for GucciPurple   T-Shirt L,857.54
886,Apple BlackShortsXL,Product description for Apple BlackShortsXL,485.22
887,لوحة مفاتيح   أصفر   مقاسماركة Prada,Product description for لوحة مفاتيح   أصفر   مقاسماركة Prada,45.44
888,كاميرا   أبيضمقاس  L  ماركة,Product description for كاميرا   أبيضمقاس  L  ماركة,258.09
889,ساعة ذكية وردي   مقاس   XXL   ماركة   Ray-Ban,Product description for ساعة ذكية وردي   مقاس   XXL   ماركة   Ray-Ban,701.52
890,جوارب   BrownSkirt   Size M,Product description for جوارب   BrownSkirt   Size M,800.73
891,جينز أزرقمقاسXXLماركةZara,Product description for جينز أزرقمقاسXXLماركةZara,624.98
892,Adidas BlackJeans,Product description for Adidas BlackJeans,583.13
893,تابلتأبيض مقاس  M  ماركة,Product description for تابلتأبيض مقاس  M  ماركة,512.42
894,Apple  Blue Coat S,,275.67
895,هودي GreenShorts   Size  MNike,Product description for هودي GreenShorts   Size  MNike,483.25
896,محفظة   بنفسجي  مقاس  L ماركة,Product description for محفظة   بنفسجي  مقاس  L ماركة,888.5
897,سترة   أزرقمقاس  One SizeماركةApple,Product description for سترة   أزرقمقاس  One SizeماركةApple,941.4
898,تابلت  أسودمقاس   L  ماركة   LG,,
899,UNKNOWNGreen NecklaceXL,Product description for UNKNOWNGreen NecklaceXL,
900,UNKNOWN   Purple Coat One Size,,677.05
901,جاكيت  بنفسجي   مقاس One Size ماركة,Product description for جاكيت  بنفسجي   مقاس One Size ماركة,729.17
902,شاشة  بني مقاس   XLماركة,Product description for شاشة  بني مقاس   XLماركة,794.03
903,ZaraPink DressXXL,Product description for ZaraPink DressXXL,469.95
904,جاكيتBrown   T-Shirt Size  S  prada,Product description for جاكيتBrown   T-Shirt Size  S  prada,822.41
905,ray-ban  Pink SweaterM,Product description for ray-ban  Pink SweaterM,581.39
906,هودي Grey   Shorts  Size XL  LG,Product description for هودي Grey   Shorts  Size XL  LG,763.6
907,H&M  Brown   SunglassesXL,,212.42
908,وشاح   وردي  مقاس   ماركة  Prada,Product description for وشاح   وردي  مقاس   ماركة  Prada,756.67
909,هاتف ذكيأحمر مقاس One Sizeماركة  ZARA,Product description for هاتف ذكيأحمر مقاس One Sizeماركة  ZARA,531.61
910,Pink  Necklace  XXL,Product description for Pink  Necklace  XXL,988.87
911,BlueBag   L,Product description for BlueBag   L,966.43
912,قميص  بني مقاس   XL   ماركةAdidas,Product description for قميص  بني مقاس   XL   ماركةAdidas,
913,لوحة مفاتيحPurple  SmartwatchSizeZara,Product description for لوحة مفاتيحPurple  SmartwatchSizeZara,414.05
914,ZaraWhite  T-ShirtS,Product description for ZaraWhite  T-ShirtS,417.91
915,جوارب   رمادي مقاس  ماركة,Product description for جوارب   رمادي مقاس  ماركة,939.44
916,Casio   Green  Belt,Product description for Casio   Green  Belt,176.8
917,Zara  Red NecklaceOne Size,Product description for Zara  Red NecklaceOne Size,86.66
918,هودي أخضر مقاس  Mماركة  PUMA,,
919,تنورة   أبيضمقاسOne Size  ماركة,Product description for تنورة   أبيضمقاسOne Size  ماركة,290.22
920,Nike Pink Camera   M,Product description for Nike Pink Camera   M,308.88
921,قبعة   بنفسجي  مقاس ماركةAdidas,,276.03
922,تابلت  Brown   MonitorSize  XL UNKNOWN,Product description for تابلت  Brown   MonitorSize  XL UNKNOWN,151.56
923,جاكيت Blue   Socks Size  M  Adidas,Product description for جاكيت Blue   Socks Size  M  Adidas,342.32
924,AppleRed T-ShirtXXL,Product description for AppleRed T-ShirtXXL,251.75
925,هودي&nbsp;&nbsp;أصفرمقاس&nbsp;&nbsp;S&nbsp;&nbsp;&nbsp;ماركة,Product description for هودي&nbsp;&nbsp;أصفرمقاس&nbsp;&nbsp;S&nbsp;&nbsp;&nbsp;ماركة,42.77
926,Prada BlackBag  L,Product description for Prada BlackBag  L,449.37
927,BOSEYellow   Jacket,,278.96
928,Sony Blue  Shorts   L,Product description for Sony Blue  Shorts   L,838.1
929,قبعة وردي مقاس XXL   ماركة LG,Product description for قبعة وردي مقاس XXL   ماركة LG,
930,Sony   Pink   Shorts  XXL,,499.76
931,شاشة   بنفسجيمقاس ماركة   Fossil,Product description for شاشة   بنفسجيمقاس ماركة   Fossil,
932,ساعة  وردي مقاس   One Size   ماركة,Product description for ساعة  وردي مقاس   One Size   ماركة,485.93
933,Puma Grey   Shorts XXL,Product description for Puma Grey   Shorts XXL,861.32
934,Pink T-ShirtXL,Product description for Pink T-ShirtXL,933.59
935,Black Gloves S,Product description for Black Gloves S,678.42
936,ماوسBlackTablet  SizeL,Product description for ماوسBlackTablet  SizeL,834.95
937,قفازات  أزرق  مقاس M  ماركة  Prada,Product description for قفازات  أزرق  مقاس M  ماركة  Prada,348.21
938,FossilBrown  Jeans   S,Product description for FossilBrown  Jeans   S,302.33
939,PradaYellow   CoatXXL,Product description for PradaYellow   CoatXXL,123.64
940,Green   Coat,Product description for Green   Coat,822.91
941,ماوس  Brown  Speaker SizeXXL   H&M,Product description for ماوس  Brown  Speaker SizeXXL   H&M,298.14
942,قميصأبيض مقاس  ماركة   Samsung,,645.22
943,جينز&nbsp;أبيض&nbsp;&nbsp;مقاس&nbsp;&nbsp;L&nbsp;&nbsp;ماركة,Product description for جينز&nbsp;أبيض&nbsp;&nbsp;مقاس&nbsp;&nbsp;L&nbsp;&nbsp;ماركة,735.77
944,قبعة أبيض مقاس ماركة  H&M,Product description for قبعة أبيض مقاس ماركة  H&M,794.2
945,sony   White   T-Shirt,Product description for sony   White   T-Shirt,371.17
946,UNKNOWNPink   Smartphone  S,Product description for UNKNOWNPink   Smartphone  S,597.56
947,Green Shorts,Product description for Green Shorts,794.34
948,AdidasGreen Hat   L,Product description for AdidasGreen Hat   L,490.52
949,Bose   Red Necklace One Size,Product description for Bose   Red Necklace One Size,983.71
950,حزام  أبيض   مقاس One Size  ماركة  LG,Product description for حزام  أبيض   مقاس One Size  ماركة  LG,36.77
951,Blue Hoodie   XL,Product description for Blue Hoodie   XL,564.06
952,كاميرا Brown  Tablet  SizeS,Product description for كاميرا Brown  Tablet  SizeS,533.25
953,Casio BrownKeyboard S,,411.43
954,لابتوب  أخضر  مقاسS ماركة  Casio,Product description for لابتوب  أخضر  مقاسS ماركة  Casio,471.39
955,جاكيت   أحمر  مقاس XXL  ماركة Prada,,27.09
956,Apple   Yellow  SweaterXXL,,698.38
957,ماوس أحمر  مقاس ماركة,,51.27
958,تنورةأصفر مقاسماركة,Product description for تنورةأصفر مقاسماركة,
959,جينزأسودمقاس ماركة,,
960,جينز Brown  T-Shirt  Size  L   puma,Product description for جينز Brown  T-Shirt  Size  L   puma,678.32
961,هودي White Jacket SizeXL  Adidas,Product description for هودي White Jacket SizeXL  Adidas,872.52
962,تنورة رمادي   مقاسMماركة,Product description for تنورة رمادي   مقاسMماركة,390.47
963,h&m  Purple Skirt,Product description for h&m  Purple Skirt,739.62
964,LG  Green  Coat  S,Product description for LG  Green  Coat  S,82.4
965,Black  HoodieS,Product description for Black  HoodieS,386.09
966,White   Jacket   M,Product description for White   Jacket   M,81.07
967,سماعات  بنفسجي مقاس XLماركة,Product description for سماعات  بنفسجي مقاس XLماركة,553.4
968,نظارات شمسية بنفسجيمقاسXXL   ماركة,Product description for نظارات شمسية بنفسجيمقاسXXL   ماركة,88.97
969,حزام  بنفسجيمقاس   Lماركة   Fossil,Product description for حزام  بنفسجيمقاس   Lماركة   Fossil,38.39
970,Purple  Sweater,Product description for Purple  Sweater,
971,Blue&nbsp;&nbsp;&nbsp;Shorts&nbsp;&nbsp;M,Product description for Blue&nbsp;&nbsp;&nbsp;Shorts&nbsp;&nbsp;M,
972,Yellow  SpeakerM,Product description for Yellow  SpeakerM,139.69
973,جينز   BlackSweater   Size   Apple,,
974,شورت بنفسجيمقاس   ماركةCasio,Product description for شورت بنفسجيمقاس   ماركةCasio,376.14
975,سترة بنفسجيمقاس XXLماركة,Product description for سترة بنفسجيمقاس XXLماركة,227.27
976,سترة   رمادي  مقاسXXL ماركة Apple,Product description for سترة   رمادي  مقاسXXL ماركة Apple,875.27
977,حقيبة بني مقاس  ماركة,,657.76
978,هودي&nbsp;&nbsp;أصفرمقاس&nbsp;&nbsp;XXL&nbsp;ماركة&nbsp;UNKNOWN,Product description for هودي&nbsp;&nbsp;أصفرمقاس&nbsp;&nbsp;XXL&nbsp;ماركة&nbsp;UNKNOWN,
979,قفازات   أبيض مقاس   XL ماركةPrada,Product description for قفازات   أبيض مقاس   XL ماركةPrada,853.07
980,قلادةأزرقمقاس   XXL  ماركة,Product description for قلادةأزرقمقاس   XXL  ماركة,641.71
981,قميص  Green Sweater Size  One Size   LG,,
982,قميص أسود  مقاس XXL ماركةNike,Product description for قميص أسود  مقاس XXL ماركةNike,172.97
983,هاتف ذكي أحمر   مقاس Lماركة,Product description for هاتف ذكي أحمر   مقاس Lماركة,277.82
984,سماعاتورديمقاس   S  ماركة   Fossil,Product description for سماعاتورديمقاس   S  ماركة   Fossil,157.99
985,Adidas   Green   Sweater,Product description for Adidas   Green   Sweater,297.57
986,جوارب  رمادي مقاسXXL ماركة   Nike,Product description for جوارب  رمادي مقاسXXL ماركة   Nike,
987,Red  Sweater   XXL,Product description for Red  Sweater   XXL,983.09
988,سترة  أحمر   مقاس  L ماركة,Product description for سترة  أحمر   مقاس  L ماركة,100.36
989,حقيبة   Blue  BagSize S Fossil,,535.41
990,قفازات   أسود   مقاس XL  ماركة,,990.0
991,Zara  Red   Dress   XL,Product description for Zara  Red   Dress   XL,138.64
992,Bose   Red   T-Shirt,Product description for Bose   Red   T-Shirt,556.47
993,هاتف ذكي   أبيض   مقاس  One Size ماركة   Casio,Product description for هاتف ذكي   أبيض   مقاس  One Size ماركة   Casio,956.26
994,هاتف ذكي   بني مقاسXL   ماركةPrada,Product description for هاتف ذكي   بني مقاسXL   ماركةPrada,398.91
995,Apple&nbsp;&nbsp;&nbsp;PurpleSpeakerXL,Product description for Apple&nbsp;&nbsp;&nbsp;PurpleSpeakerXL,213.78
996,معطف   Brown  SweaterSizeOne Size,Product description for معطف   Brown  SweaterSizeOne Size,800.68
997,H&M  White   SpeakerOne Size,Product description for H&M  White   SpeakerOne Size,217.24
998,Green  T-Shirt,,678.6
999,Adidas YellowShorts,Product description for Adidas YellowShorts,303.79
1000,لابتوب   ورديمقاس   Sماركة  Prada,Product description for لابتوب   ورديمقاس   Sماركة  Prada,61.85
1001,سترةBlue  Dress SizeXL,Product description for سترةBlue  Dress SizeXL,555.17
1002,Red  SmartphoneS,Product description for Red  SmartphoneS,684.68
1003,هاتف ذكي   بنيمقاس  One Size ماركة Adidas,Product description for هاتف ذكي   بنيمقاس  One Size ماركة Adidas,837.36
1004,هودي  بنفسجيمقاس L ماركة,Product description for هودي  بنفسجيمقاس L ماركة,532.07
1005,تابلتبني   مقاسOne Size ماركة  UNKNOWN,Product description for تابلتبني   مقاسOne Size ماركة  UNKNOWN,456.66
1006,وشاح Black  Backpack   SizeL  Prada,,715.63
1007,Samsung  Blue  T-ShirtXL,,198.26
1008,GUCCI   Grey Bag,Product description for GUCCI   Grey Bag,513.21
1009,هاتف ذكي أخضرمقاس   ماركةAdidas,Product description for هاتف ذكي أخضرمقاس   ماركةAdidas,220.33
1010,تنورةبنيمقاس XL ماركة  Puma,Product description for تنورةبنيمقاس XL ماركة  Puma,
1011,GucciRed   Smartwatch  One Size,Product description for GucciRed   Smartwatch  One Size,536.95
1012,ماوس   أبيض   مقاس  XXLماركةPrada,Product description for ماوس   أبيض   مقاس  XXLماركةPrada,967.41
1013,جينز أحمر مقاس  XL  ماركة H&M,,494.95
1014,BlueBelt,Product description for BlueBelt,
1015,Apple Grey   Gloves  XL,Product description for Apple Grey   Gloves  XL,
1016,NikeWhite   Skirt   XXL,Product description for NikeWhite   Skirt   XXL,750.72
1017,معطف بنفسجي  مقاس S   ماركة,Product description for معطف بنفسجي  مقاس S   ماركة,251.33
1018,سماعات بنيمقاس  L ماركة,Product description for سماعات بنيمقاس  L ماركة,225.25
1019,شورت   Green  DressSize LPuma,Product description for شورت   Green  DressSize LPuma,380.26
1020,تنورة  BlackShorts Size Apple,Product description for تنورة  BlackShorts Size Apple,410.79
1021,BoseBrown   Tablet L,Product description for BoseBrown   Tablet L,841.82
1022,adidasYellow  SmartwatchXXL,Product description for adidasYellow  SmartwatchXXL,967.25
1023,شورت   وردي   مقاس M  ماركة Samsung,Product description for شورت   وردي   مقاس M  ماركة Samsung,923.66
1024,سماعات&nbsp;أسود&nbsp;مقاس&nbsp;&nbsp;&nbsp;Mماركة&nbsp;&nbsp;&nbsp;Prada,Product description for سماعات&nbsp;أسود&nbsp;مقاس&nbsp;&nbsp;&nbsp;Mماركة&nbsp;&nbsp;&nbsp;Prada,
1025,تنورة  Red  Socks   Size   XLRAY-BAN,,610.05
1026,تنورةBlackHoodieSize XLRay-Ban,Product description for تنورةBlackHoodieSize XLRay-Ban,680.66
1027,جينز أسود  مقاس  XLماركة,Product description for جينز أسود  مقاس  XLماركة,771.98
1028,تنورة Brown  Hoodie  SizeS,Product description for تنورة Brown  Hoodie  SizeS,970.43
1029,جينزبنفسجي&nbsp;&nbsp;مقاس&nbsp;&nbsp;&nbsp;ماركة,Product description for جينزبنفسجي&nbsp;&nbsp;مقاس&nbsp;&nbsp;&nbsp;ماركة,17.44
1030,NIKEPurple  Monitor,,793.24
1031,حقيبةأزرق  مقاس  ماركةFossil,Product description for حقيبةأزرق  مقاس  ماركةFossil,962.48
1032,مكبر صوت  أسود   مقاس  M ماركةZara,Product description for مكبر صوت  أسود   مقاس  M ماركةZara,555.6
1033,WhiteHoodie,Product description for WhiteHoodie,542.83
1034,جاكيت Purple T-Shirt Size M,Product description for جاكيت Purple T-Shirt Size M,492.21
1035,ماوس Black  Smartphone   SizeL   Puma,,
1036,جواربأسود  مقاس  L  ماركة  UNKNOWN,Product description for جواربأسود  مقاس  L  ماركة  UNKNOWN,597.29
1037,سماعاتأخضرمقاس XL ماركة,,814.41
1038,جوارب&nbsp;&nbsp;&nbsp;أبيضمقاس&nbsp;&nbsp;M&nbsp;ماركة&nbsp;&nbsp;Zara,Product description for جوارب&nbsp;&nbsp;&nbsp;أبيضمقاس&nbsp;&nbsp;M&nbsp;ماركة&nbsp;&nbsp;Zara,298.3
1039,bose  Pink  Camera M,Product description for bose  Pink  Camera M,397.54
1040,Apple   RedNecklace XL,Product description for Apple   RedNecklace XL,574.68
1041,جاكيت وردي مقاس  M ماركةGucci,Product description for جاكيت وردي مقاس  M ماركةGucci,539.53
1042,Bose  Pink Camera XL,Product description for Bose  Pink Camera XL,755.28
1043,جواربأخضر   مقاس  Sماركة,,16.25
1044,PradaGreen Smartphone,Product description for PradaGreen Smartphone,121.58
1045,UNKNOWN   White  Necklace   One Size,Product description for UNKNOWN   White  Necklace   One Size,253.49
1046,Bose  White Shorts   L,Product description for Bose  White Shorts   L,594.89
1047,جوارب BrownJacket   Size   XL,Product description for جوارب BrownJacket   Size   XL,789.76
1048,لوحة&nbsp;مفاتيح&nbsp;&nbsp;&nbsp;بنفسجي&nbsp;مقاس&nbsp;M&nbsp;&nbsp;&nbsp;ماركة&nbsp;&nbsp;Adidas,Product description for لوحة&nbsp;مفاتيح&nbsp;&nbsp;&nbsp;بنفسجي&nbsp;مقاس&nbsp;M&nbsp;&nbsp;&nbsp;ماركة&nbsp;&nbsp;Adidas,548.57
1049,جاكيت  وردي   مقاس   XL  ماركة   h&m,Product description for جاكيت  وردي   مقاس   XL  ماركة   h&m,129.87
1050,ساعة ذكية PurpleLaptopSize  L   Bose,,801.14
1051,lg Red Skirt  One Size,Product description for lg Red Skirt  One Size,785.04
1052,prada   Black T-Shirt,Product description for prada   Black T-Shirt,663.81
1053,سترة   وردي   مقاس  L ماركة Nike,Product description for سترة   وردي   مقاس  L ماركة Nike,117.65
1054,لوحة مفاتيحبنفسجيمقاسماركة   Ray-Ban,Product description for لوحة مفاتيحبنفسجيمقاسماركة   Ray-Ban,366.42
1055,Pink   Mouse,Product description for Pink   Mouse,322.11
1056,شورت  بني مقاس  M ماركةPrada,Product description for شورت  بني مقاس  M ماركةPrada,335.83
1057,BlackBackpack,,544.2
1058,PumaBlackWalletM,Product description for PumaBlackWalletM,448.0
1059,LGGreenLaptop  XXL,,
1060,Black&nbsp;Sunglasses&nbsp;&nbsp;&nbsp;XL,Product description for Black&nbsp;Sunglasses&nbsp;&nbsp;&nbsp;XL,816.47
1061,فستان  بنفسجي   مقاسXL   ماركة Adidas,Product description for فستان  بنفسجي   مقاسXL   ماركة Adidas,261.81
1062,Samsung BlueDress  M,Product description for Samsung BlueDress  M,933.58
1063,H&M Blue  Skirt  M,,49.0
1064,Brown   JacketOne Size,Product description for Brown   JacketOne Size,806.66
1065,Samsung&nbsp;&nbsp;Red&nbsp;&nbsp;Smartwatch,Product description for Samsung&nbsp;&nbsp;Red&nbsp;&nbsp;Smartwatch,323.42
1066,هاتف ذكيBlueMouse Size XL  Gucci,Product description for هاتف ذكيBlueMouse Size XL  Gucci,97.72
1067,لوحة مفاتيحأصفر مقاسOne Size  ماركة Gucci,Product description for لوحة مفاتيحأصفر مقاسOne Size  ماركة Gucci,214.61
1068,قبعة أحمر مقاسXXL   ماركة CASIO,Product description for قبعة أحمر مقاسXXL   ماركة CASIO,508.13
1069,جاكيت  أصفر   مقاسماركةGucci,Product description for جاكيت  أصفر   مقاسماركةGucci,411.45
1070,سترة   White   Dress   SizeAdidas,Product description for سترة   White   Dress   SizeAdidas,593.66
1071,SAMSUNGWhiteSunglasses   L,Product description for SAMSUNGWhiteSunglasses   L,
1072,SonyPink JacketL,Product description for SonyPink JacketL,688.31
1073,لوحة مفاتيحأصفر   مقاس S  ماركةUNKNOWN,Product description for لوحة مفاتيحأصفر   مقاس S  ماركةUNKNOWN,127.92
1074,ZaraGrey  Bag One Size,Product description for ZaraGrey  Bag One Size,386.72
1075,PradaYellow  Necklace XXL,Product description for PradaYellow  Necklace XXL,235.72
1076,UNKNOWNYellow Tablet,,662.18
1077,ساعة ذكية  أحمرمقاس  XL ماركة,Product description for ساعة ذكية  أحمرمقاس  XL ماركة,125.72
1078,قلادة   رمادي   مقاسL  ماركة  Prada,Product description for قلادة   رمادي   مقاسL  ماركة  Prada,967.76
1079,Black Hoodie  XXL,Product description for Black Hoodie  XXL,829.63
1080,فستان  أخضر  مقاس S   ماركةAdidas,Product description for فستان  أخضر  مقاس S   ماركةAdidas,
1081,لوحة مفاتيحورديمقاسOne Size   ماركة   fossil,,957.07
1082,Casio  Pink Socks,Product description for Casio  Pink Socks,
1083,شاشة  أسود   مقاسOne Size  ماركةSony,,190.23
1084,Gucci&nbsp;PinkJacket&nbsp;S,Product description for Gucci&nbsp;PinkJacket&nbsp;S,207.36
1085,حزام  Black  Bag Size   XL,Product description for حزام  Black  Bag Size   XL,816.22
1086,ماوس&nbsp;&nbsp;&nbsp;أزرقمقاس&nbsp;&nbsp;Mماركة&nbsp;&nbsp;&nbsp;Casio,Product description for ماوس&nbsp;&nbsp;&nbsp;أزرقمقاس&nbsp;&nbsp;Mماركة&nbsp;&nbsp;&nbsp;Casio,15.92
1087,AdidasBlueBelt  S,Product description for AdidasBlueBelt  S,844.09
1088,Adidas  Brown LaptopS,,104.14
1089,سترةBrown Shorts  Size   gucci,Product description for سترةBrown Shorts  Size   gucci,403.15
1090,شاشة أسود  مقاس  M  ماركةGUCCI,,81.46
1091,قبعة   أخضر مقاسM  ماركة  LG,Product description for قبعة   أخضر مقاسM  ماركة  LG,503.88
1092,قميص  بني مقاسM  ماركة  UNKNOWN,Product description for قميص  بني مقاسM  ماركة  UNKNOWN,80.81
1093,Black   T-Shirt L,Product description for Black   T-Shirt L,316.44
1094,شورت  بنفسجيمقاس  Mماركة,Product description for شورت  بنفسجيمقاس  Mماركة,247.95
1095,سترة&nbsp;&nbsp;&nbsp;وردي&nbsp;مقاس&nbsp;One&nbsp;Size&nbsp;ماركة&nbsp;&nbsp;zara,Product description for سترة&nbsp;&nbsp;&nbsp;وردي&nbsp;مقاس&nbsp;One&nbsp;Size&nbsp;ماركة&nbsp;&nbsp;zara,644.0
1096,GreenSmartwatch   XXL,Product description for GreenSmartwatch   XXL,
1097,جاكيتبنفسجي مقاس M  ماركة  UNKNOWN,Product description for جاكيتبنفسجي مقاس M  ماركة  UNKNOWN,810.81
1098,Bose   WhiteDressXL,Product description for Bose   WhiteDressXL,821.08
1099,قميص&nbsp;أزرق&nbsp;&nbsp;&nbsp;مقاس&nbsp;XXLماركةApple,Product description for قميص&nbsp;أزرق&nbsp;&nbsp;&nbsp;مقاس&nbsp;XXLماركةApple,909.11
1100,جواربPink  Skirt  SizeSZara,Product description for جواربPink  Skirt  SizeSZara,753.92
1101,فستان&nbsp;أزرق&nbsp;مقاس&nbsp;&nbsp;&nbsp;One&nbsp;Size&nbsp;&nbsp;&nbsp;ماركة,Product description for فستان&nbsp;أزرق&nbsp;مقاس&nbsp;&nbsp;&nbsp;One&nbsp;Size&nbsp;&nbsp;&nbsp;ماركة,981.86
1102,LG  Red Keyboard,Product description for LG  Red Keyboard,932.21
1103,جوارب  أبيض  مقاس XL  ماركةUNKNOWN,,284.06
1104,قميصأزرق   مقاس  ماركة   Adidas,Product description for قميصأزرق   مقاس  ماركة   Adidas,213.61
1105,PradaBlue  Coat One Size,Product description for PradaBlue  Coat One Size,383.97
1106,Prada White  SweaterXL,Product description for Prada White  SweaterXL,813.58
1107,تنورة   ورديمقاس  One Size ماركة  bose,Product description for تنورة   ورديمقاس  One Size ماركة  bose,60.83
1108,شورتBlack   SkirtSize  XL,,988.13
1109,سترة  Green CoatSize Adidas,Product description for سترة  Green CoatSize Adidas,922.0
1110,نظارات شمسية  GreenHat  Size   XL   Casio,Product description for نظارات شمسية  GreenHat  Size   XL   Casio,283.92
1111,قميص BlackHoodieSize  Lgucci,Product description for قميص BlackHoodieSize  Lgucci,192.49
1112,Grey   T-Shirt XL,Product description for Grey   T-Shirt XL,871.86
1113,Zara  White BackpackOne Size,Product description for Zara  White BackpackOne Size,993.17
1114,PurpleShorts One Size,,
1115,تابلت Green Smartphone Size lg,Product description for تابلت Green Smartphone Size lg,571.64
1116,معطفBrownSkirt  Size   L,Product description for معطفBrownSkirt  Size   L,533.54
1117,تابلت أصفر   مقاس  L ماركةlg,Product description for تابلت أصفر   مقاس  L ماركةlg,466.39
1118,معطفRed T-Shirt  Size   XXL  Samsung,Product description for معطفRed T-Shirt  Size   XXL  Samsung,874.31
1119,تابلتبنفسجي   مقاس  ماركة   Adidas,Product description for تابلتبنفسجي   مقاس  ماركة   Adidas,905.02
1120,BoseGrey  Coat M,Product description for BoseGrey  Coat M,822.53
1121,ساعةRed  Bag  Size   S   Samsung,Product description for ساعةRed  Bag  Size   S   Samsung,347.89
1122,مكبر صوت   Pink Laptop  Size,Product description for مكبر صوت   Pink Laptop  Size,325.98
1123,FOSSILGreen  Coat  XL,Product description for FOSSILGreen  Coat  XL,964.02
1124,Gucci  Blue SweaterM,Product description for Gucci  Blue SweaterM,
1125,معطف أزرق مقاس One Size   ماركة zara,Product description for معطف أزرق مقاس One Size   ماركة zara,145.65
1126,حقيبة   Purple  Wallet Size XL,Product description for حقيبة   Purple  Wallet Size XL,256.02
1127,ساعة ذكية   أحمر   مقاسS   ماركة,Product description for ساعة ذكية   أحمر   مقاسS   ماركة,710.03
1128,Puma Pink   Speaker   XL,Product description for Puma Pink   Speaker   XL,160.77
1129,فستان   أبيض  مقاس   ماركة   Gucci,Product description for فستان   أبيض  مقاس   ماركة   Gucci,493.27
1130,فستانأسودمقاس   ماركةAdidas,,321.27
1131,شورت بني  مقاسS  ماركة   H&amp;M,Product description for شورت بني  مقاسS  ماركة   H&amp;M,429.24
1132,شاشة أحمر مقاس   S   ماركة,,946.94
1133,فستان وردي   مقاس XXL ماركة  LG,Product description for فستان وردي   مقاس XXL ماركة  LG,159.28
1134,محفظة  Brown  Sunglasses   SizeXXL   UNKNOWN,Product description for محفظة  Brown  Sunglasses   SizeXXL   UNKNOWN,799.36
1135,حزام أصفر  مقاسOne Size   ماركة SONY,,537.72
1136,سترةGrey   Shorts  Size  One SizeCasio,Product description for سترةGrey   Shorts  Size  One SizeCasio,158.06
1137,Casio  Blue  Laptop L,Product description for Casio  Blue  Laptop L,153.06
1138,هاتف ذكي   بنفسجيمقاس  XLماركة,Product description for هاتف ذكي   بنفسجيمقاس  XLماركة,787.47
1139,Sony&nbsp;&nbsp;&nbsp;White&nbsp;Shorts&nbsp;M,Product description for Sony&nbsp;&nbsp;&nbsp;White&nbsp;Shorts&nbsp;M,463.43
1140,Puma  Blue SocksL,Product description for Puma  Blue SocksL,
1141,شورت أصفرمقاس ماركة   APPLE,Product description for شورت أصفرمقاس ماركة   APPLE,68.0
1142,جينز Pink   Shorts  Size  S   Casio,Product description for جينز Pink   Shorts  Size  S   Casio,124.34
1143,قفازات  ورديمقاس  XLماركةUNKNOWN,Product description for قفازات  ورديمقاس  XLماركةUNKNOWN,274.97
1144,محفظة  بني   مقاسOne Size   ماركةLG,,304.09
1145,LGYellow Coat,,111.85
1146,شورت   Green   Jacket  Size  S samsung,Product description for شورت   Green   Jacket  Size  S samsung,
1147,RedHoodie&nbsp;&nbsp;&nbsp;S,Product description for RedHoodie&nbsp;&nbsp;&nbsp;S,
1148,YellowHeadphones XL,,433.13
1149,تابلت  بني  مقاس  ماركة   Ray-Ban,Product description for تابلت  بني  مقاس  ماركة   Ray-Ban,452.06
1150,Yellow T-Shirt,Product description for Yellow T-Shirt,97.59
1151,تابلت   أبيضمقاس  M   ماركة,Product description for تابلت   أبيضمقاس  M   ماركة,714.29
1152,لابتوب   BlueSpeaker Size L   Casio,Product description for لابتوب   BlueSpeaker Size L   Casio,207.28
1153,Samsung  Yellow  Belt  XXL,Product description for Samsung  Yellow  Belt  XXL,360.06
1154,AdidasPurple  HatL,Product description for AdidasPurple  HatL,548.37
1155,GreySpeaker   One Size,Product description for GreySpeaker   One Size,86.68
1156,معطف  أخضرمقاس   ماركة,Product description for معطف  أخضرمقاس   ماركة,299.66
1157,H&MGrey  HatXL,,173.9
1158,PumaPurple   Keyboard,Product description for PumaPurple   Keyboard,991.59
1159,تنورة   Blue Dress   Size,Product description for تنورة   Blue Dress   Size,142.63
1160,BlackDress  XXL,Product description for BlackDress  XXL,125.43
1161,UNKNOWNYellowHoodieOne Size,,443.95
1162,نظارات شمسية رمادي  مقاس  Lماركة   Nike,Product description for نظارات شمسية رمادي  مقاس  Lماركة   Nike,309.7
1163,ساعة   بني مقاس   XL  ماركة,Product description for ساعة   بني مقاس   XL  ماركة,566.99
1164,جينزGreen Socks Size  XL   UNKNOWN,Product description for جينزGreen Socks Size  XL   UNKNOWN,394.94
1165,نظارات شمسية أخضر   مقاس   XL  ماركة   Sony,Product description for نظارات شمسية أخضر   مقاس   XL  ماركة   Sony,196.63
1166,Pink   TabletXL,Product description for Pink   TabletXL,26.31
1167,LGWhiteHat,Product description for LGWhiteHat,756.63
1168,تنورة بني   مقاس  S   ماركة,Product description for تنورة بني   مقاس  S   ماركة,945.32
1169,جينز   أخضر  مقاسOne Size  ماركة,Product description for جينز   أخضر  مقاسOne Size  ماركة,176.29
1170,لابتوب أحمر مقاس   One Size  ماركة,Product description for لابتوب أحمر مقاس   One Size  ماركة,52.22
1171,Blue   Bag S,Product description for Blue   Bag S,515.34
1172,معطفبنفسجي  مقاسماركة   Bose,Product description for معطفبنفسجي  مقاسماركة   Bose,63.37
1173,ماوس&nbsp;&nbsp;أسود&nbsp;&nbsp;&nbsp;مقاس&nbsp;&nbsp;S&nbsp;ماركة,Product description for ماوس&nbsp;&nbsp;أسود&nbsp;&nbsp;&nbsp;مقاس&nbsp;&nbsp;S&nbsp;ماركة,631.38
1174,Brown   T-Shirt  S,Product description for Brown   T-Shirt  S,543.99
1175,هودي   بني   مقاسXL  ماركة   Casio,Product description for هودي   بني   مقاسXL  ماركة   Casio,230.87
1176,شاشة وردي   مقاسM   ماركةSamsung,Product description for شاشة وردي   مقاسM   ماركةSamsung,38.83
1177,كاميرا  GreyMonitor  SizeL,Product description for كاميرا  GreyMonitor  SizeL,159.11
1178,قلادة   رمادي  مقاسXLماركة,Product description for قلادة   رمادي  مقاسXLماركة,660.34
1179,قبعة أحمر  مقاس One Size  ماركة  H&M,Product description for قبعة أحمر  مقاس One Size  ماركة  H&M,560.68
1180,شاشة  أحمر  مقاس XXLماركة Bose,Product description for شاشة  أحمر  مقاس XXLماركة Bose,325.24
1181,Samsung  Green   Bag M,Product description for Samsung  Green   Bag M,821.21
1182,حزام   بني مقاس XXL   ماركةPuma,,276.13
1183,Puma   Green   SmartwatchM,Product description for Puma   Green   SmartwatchM,981.02
1184,SamsungYellow  SkirtOne Size,Product description for SamsungYellow  SkirtOne Size,743.41
1185,جينز  وردي مقاس   One Size   ماركةGUCCI,Product description for جينز  وردي مقاس   One Size   ماركةGUCCI,729.91
1186,ماوس   أزرق   مقاس   XL ماركةNike,Product description for ماوس   أزرق   مقاس   XL ماركةNike,371.09
1187,جاكيتRed  T-Shirt Size   XL   Prada,Product description for جاكيتRed  T-Shirt Size   XL   Prada,760.24
1188,لابتوب   رمادي  مقاسماركة H&M,Product description for لابتوب   رمادي  مقاسماركة H&M,591.24
1189,جوارب أزرق  مقاسXXL  ماركة H&M,,656.12
1190,PurpleDress   XL,Product description for PurpleDress   XL,743.66
1191,معطف   White   Skirt   Size S Apple,Product description for معطف   White   Skirt   Size S Apple,929.44
1192,معطف   أسود   مقاس XXL   ماركة nike,Product description for معطف   أسود   مقاس XXL   ماركة nike,45.11
1193,تنورةWhite Coat   Size  One Size Ray-Ban,Product description for تنورةWhite Coat   Size  One Size Ray-Ban,771.02
1194,قبعة   أحمر  مقاس  M  ماركة zara,Product description for قبعة   أحمر  مقاس  M  ماركة zara,534.76
1195,Pink ShortsOne Size,Product description for Pink ShortsOne Size,414.34
1196,معطف  رمادي   مقاس One Sizeماركة,Product description for معطف  رمادي   مقاس One Sizeماركة,360.09
1197,فستانBlue&nbsp;Hoodie&nbsp;&nbsp;&nbsp;SizeOne&nbsp;Size,Product description for فستانBlue&nbsp;Hoodie&nbsp;&nbsp;&nbsp;SizeOne&nbsp;Size,292.43
1198,شورت بني   مقاس  ماركة  Gucci,Product description for شورت بني   مقاس  ماركة  Gucci,372.1
1199,ساعة  Red  Bag   Size   XL   Puma,Product description for ساعة  Red  Bag   Size   XL   Puma,221.25
1200,سماعات   أحمرمقاسXL  ماركةH&M,Product description for سماعات   أحمرمقاسXL  ماركةH&M,939.63
1201,قميص أصفر مقاس  M ماركة,Product description for قميص أصفر مقاس  M ماركة,326.97
1202,لوحة مفاتيحWhite Laptop  SizeS Apple,Product description for لوحة مفاتيحWhite Laptop  SizeS Apple,961.39
1203,Black  Jacket M,Product description for Black  Jacket M,493.36
1204,فستان  أخضر  مقاس M   ماركة  Ray-Ban,Product description for فستان  أخضر  مقاس M   ماركة  Ray-Ban,679.35
1205,شورت   Purple   Skirt  Size,Product description for شورت   Purple   Skirt  Size,393.42
1206,YellowScarf,,
1207,معطف   أخضر   مقاس  M   ماركة H&M,Product description for معطف   أخضر   مقاس  M   ماركة H&M,336.28
1208,H&M   GreyJeans  XL,,535.12
1209,فستان   وردي مقاس XXL  ماركة,Product description for فستان   وردي مقاس XXL  ماركة,300.39
1210,حقيبة  بني   مقاس  XXL ماركة,,499.44
1211,H&amp;MYellow  Jeans,Product description for H&amp;MYellow  Jeans,169.5
1212,نظارات شمسية أزرقمقاس ماركة   Apple,Product description for نظارات شمسية أزرقمقاس ماركة   Apple,555.68
1213,شاشة  Green Tablet Size,Product description for شاشة  Green Tablet Size,251.77
1214,Pink Necklace  S,Product description for Pink Necklace  S,509.26
1215,لوحة&nbsp;مفاتيحبنفسجي&nbsp;مقاس&nbsp;&nbsp;ماركة&nbsp;&nbsp;&nbsp;Sony,Product description for لوحة&nbsp;مفاتيحبنفسجي&nbsp;مقاس&nbsp;&nbsp;ماركة&nbsp;&nbsp;&nbsp;Sony,
1216,APPLE  White  Belt   L,Product description for APPLE  White  Belt   L,675.59
1217,قلادةأزرق  مقاس   Sماركة ray-ban,Product description for قلادةأزرق  مقاس   Sماركة ray-ban,568.83
1218,Ray-Ban  Black   Laptop  M,Product description for Ray-Ban  Black   Laptop  M,128.39
1219,فستان Blue Jacket SizeS   H&M,Product description for فستان Blue Jacket SizeS   H&M,663.92
1220,جينز BlueJeans Size L   Bose,,75.04
1221,ماوسوردي مقاس  Mماركة   Prada,Product description for ماوسوردي مقاس  Mماركة   Prada,695.52
1222,جوارب   GreyJeansSize   Casio,Product description for جوارب   GreyJeansSize   Casio,874.93
1223,سماعاتأسود   مقاسL ماركة   Puma,,121.97
1224,Brown HatM,Product description for Brown HatM,183.06
1225,وشاح   PinkBackpack   Size   UNKNOWN,,268.72
1226,جينزأخضر مقاسXXL   ماركة,,289.78
1227,Adidas  BrownCoat  M,,736.71
1228,هاتف ذكي  Purple SpeakerSize   L,Product description for هاتف ذكي  Purple SpeakerSize   L,656.65
1229,Puma  Yellow  Smartphone  S,Product description for Puma  Yellow  Smartphone  S,326.51
1230,Grey Laptop   L,Product description for Grey Laptop   L,929.57
1231,جوارب   GreyCoatSize Bose,Product description for جوارب   GreyCoatSize Bose,154.45
1232,ماوسبني مقاس ماركةgucci,,571.26
1233,جوارب رمادي   مقاس   ماركة  Prada,,848.52
1234,قفازات   وردي  مقاس  ماركة,,506.99
1235,قميص  بني مقاس S   ماركة Sony,Product description for قميص  بني مقاس S   ماركة Sony,623.09
1236,حزام YellowSunglasses  Size   One Size  Nike,Product description for حزام YellowSunglasses  Size   One Size  Nike,744.06
1237,BlueGloves   One Size,Product description for BlueGloves   One Size,37.56
1238,قميص Blue CoatSizeLSamsung,,781.28
1239,محفظة  Yellow BagSize   S,,58.03
1240,هودي أخضر  مقاس  XL  ماركةsony,,631.53
1241,هوديأسود   مقاس  XL  ماركة  gucci,Product description for هوديأسود   مقاس  XL  ماركة  gucci,671.56
1242,جينز Pink T-ShirtSize  XXL,,288.97
1243,هودي أزرقمقاسXL   ماركة apple,,907.69
1244,محفظة   أصفر مقاس   XLماركةLG,Product description for محفظة   أصفر مقاس   XLماركةLG,912.46
1245,فستان أخضر مقاس   L ماركة CASIO,Product description for فستان أخضر مقاس   L ماركة CASIO,
1246,قلادة   WhiteNecklaceSize L Adidas,,710.07
1247,UNKNOWNPinkSweaterOne Size,Product description for UNKNOWNPinkSweaterOne Size,
1248,فستانWhiteT-Shirt Size   XXL PUMA,,177.94
1249,محفظةأصفر مقاس   XLماركة   H&M,Product description for محفظةأصفر مقاس   XLماركة   H&M,895.23
1250,قفازاتوردي مقاس  XXLماركة Sony,Product description for قفازاتوردي مقاس  XXLماركة Sony,699.01
1251,ساعة ذكية   Purple Camera  Size  zara,Product description for ساعة ذكية   Purple Camera  Size  zara,398.0
1252,Green   Smartwatch S,Product description for Green   Smartwatch S,76.06
1253,Sony  Yellow  Camera  XXL,Product description for Sony  Yellow  Camera  XXL,705.49
1254,هودي&nbsp;أحمر&nbsp;&nbsp;&nbsp;مقاس&nbsp;&nbsp;One&nbsp;Size&nbsp;&nbsp;ماركة,,822.69
1255,كاميرا  رمادي مقاسS ماركة,,
1256,جوارب   Blue  Sweater Size   One Size   Apple,Product description for جوارب   Blue  Sweater Size   One Size   Apple,730.0
1257,White HoodieXL,Product description for White HoodieXL,947.65
1258,AppleRed Jacket   One Size,Product description for AppleRed Jacket   One Size,
1259,جوارب   بني مقاس   L  ماركةPUMA,Product description for جوارب   بني مقاس   L  ماركةPUMA,229.7
1260,Grey  Smartwatch   M,Product description for Grey  Smartwatch   M,
1261,سماعاتPurple Monitor Size XXL  Sony,Product description for سماعاتPurple Monitor Size XXL  Sony,323.43
1262,ZaraWhite  Keyboard L,Product description for ZaraWhite  Keyboard L,839.77
1263,شورت  وردي   مقاس ماركة  Zara,Product description for شورت  وردي   مقاس ماركة  Zara,816.66
1264,نظارات شمسيةأخضرمقاس  ماركةsony,,514.09
1265,قبعة  بنيمقاس  M   ماركة,Product description for قبعة  بنيمقاس  M   ماركة,811.05
1266,لابتوب GreySmartphone   Size   LG,Product description for لابتوب GreySmartphone   Size   LG,486.98
1267,ساعة ذكية   بنفسجي   مقاسM  ماركة   fossil,Product description for ساعة ذكية   بنفسجي   مقاسM  ماركة   fossil,397.01
1268,قميصأخضر مقاسXXL   ماركة   Fossil,Product description for قميصأخضر مقاسXXL   ماركة   Fossil,410.74
1269,Bose  GreenDress   M,Product description for Bose  GreenDress   M,800.03
1270,هاتف ذكي Brown  Camera Size,Product description for هاتف ذكي Brown  Camera Size,
1271,جينزبني مقاسLماركةNike,Product description for جينزبني مقاسLماركةNike,475.59
1272,Black&nbsp;&nbsp;Belt&nbsp;&nbsp;&nbsp;S,Product description for Black&nbsp;&nbsp;Belt&nbsp;&nbsp;&nbsp;S,879.29
1273,شورت GreenDressSize XXL Bose,Product description for شورت GreenDressSize XXL Bose,624.11
1274,تابلت أبيضمقاسماركة,Product description for تابلت أبيضمقاسماركة,758.3
1275,Blue   Speaker S,Product description for Blue   Speaker S,425.31
1276,قميص Purple Dress  Size   XL Gucci,Product description for قميص Purple Dress  Size   XL Gucci,933.73
1277,Yellow   Socks XL,Product description for Yellow   Socks XL,397.24
1278,zara   Brown   Shorts,Product description for zara   Brown   Shorts,120.27
1279,كاميرا وردي   مقاسM  ماركةPRADA,,138.09
1280,فستان أزرقمقاس ماركة   Prada,Product description for فستان أزرقمقاس ماركة   Prada,420.47
1281,White   Dress   XXL,Product description for White   Dress   XXL,833.54
1282,casioRed Smartwatch L,Product description for casioRed Smartwatch L,610.8
1283,كاميرا   أصفر مقاسM ماركة sony,Product description for كاميرا   أصفر مقاسM ماركة sony,954.46
1284,سماعات   أصفر مقاس   SماركةPrada,Product description for سماعات   أصفر مقاس   SماركةPrada,24.42
1285,هاتف ذكي   أسود مقاس  ماركة  prada,Product description for هاتف ذكي   أسود مقاس  ماركة  prada,744.87
1286,Ray-Ban  Purple Skirt XL,Product description for Ray-Ban  Purple Skirt XL,89.12
1287,GreyWallet L,Product description for GreyWallet L,917.12
1288,Sony&nbsp;&nbsp;&nbsp;Red&nbsp;&nbsp;&nbsp;Socks,Product description for Sony&nbsp;&nbsp;&nbsp;Red&nbsp;&nbsp;&nbsp;Socks,465.9
1289,لابتوبYellow   Smartwatch  Size  XXL H&M,,540.33
1290,لابتوب Green  Camera SizeOne Size,Product description for لابتوب Green  Camera SizeOne Size,773.51
1291,مكبر صوتوردي مقاس M ماركة,Product description for مكبر صوتوردي مقاس M ماركة,
1292,تنورة أخضرمقاس   XL   ماركةBose,Product description for تنورة أخضرمقاس   XL   ماركةBose,884.15
1293,قميص  BlueSkirt SizeXL casio,,417.9
1294,سماعات  Black   Speaker   Size One Size  UNKNOWN,Product description for سماعات  Black   Speaker   Size One Size  UNKNOWN,995.54
1295,قميصRed  ShortsSize   L   Casio,Product description for قميصRed  ShortsSize   L   Casio,528.11
1296,لابتوب   Yellow   CameraSize  L Fossil,Product description for لابتوب   Yellow   CameraSize  L Fossil,
1297,معطف  بنفسجي   مقاس   L   ماركة   Zara,Product description for معطف  بنفسجي   مقاس   L   ماركة   Zara,540.56
1298,معطف   أسود  مقاس ماركة H&M,Product description for معطف   أسود  مقاس ماركة H&M,
1299,هاتف ذكي   Brown  Tablet   Size Zara,Product description for هاتف ذكي   Brown  Tablet   Size Zara,294.42
1300,جواربRedJeans   SizeOne Size  Zara,,490.97
1301,قبعةBlueWallet   Sizegucci,Product description for قبعةBlueWallet   Sizegucci,724.29
1302,هوديBlue T-Shirt   Size L,Product description for هوديBlue T-Shirt   Size L,158.86
1303,كاميرا   وردي مقاسXXL   ماركة   prada,Product description for كاميرا   وردي مقاسXXL   ماركة   prada,426.09
1304,حزام Green   Bag   SizeXXL   Bose,Product description for حزام Green   Bag   SizeXXL   Bose,
1305,هودي بنفسجي  مقاسOne Size   ماركة  Adidas,Product description for هودي بنفسجي  مقاسOne Size   ماركة  Adidas,932.04
1306,مكبر&nbsp;صوتوردي&nbsp;&nbsp;&nbsp;مقاسS&nbsp;ماركة&nbsp;Nike,Product description for مكبر&nbsp;صوتوردي&nbsp;&nbsp;&nbsp;مقاسS&nbsp;ماركة&nbsp;Nike,744.54
1307,H&M   Grey  Tablet L,Product description for H&M   Grey  Tablet L,426.37
1308,سترة  RedShorts  Size  S   Fossil,Product description for سترة  RedShorts  Size  S   Fossil,40.96
1309,unknown  Brown   DressM,Product description for unknown  Brown   DressM,
1310,FOSSIL   Red   Shorts  XXL,Product description for FOSSIL   Red   Shorts  XXL,
1311,GUCCI   Red Wallet  S,Product description for GUCCI   Red Wallet  S,355.54
1312,AppleWhite  T-ShirtS,Product description for AppleWhite  T-ShirtS,74.65
1313,مكبر صوت  White  Headphones  Size Puma,Product description for مكبر صوت  White  Headphones  Size Puma,594.08
1314,ساعةأزرق   مقاس XXL ماركة Adidas,,106.14
1315,Bose  Grey   JacketL,,764.68
1316,BrownScarfM,Product description for BrownScarfM,557.8
1317,Purple  Mouse   L,Product description for Purple  Mouse   L,207.03
1318,CasioBlueSkirt  S,Product description for CasioBlueSkirt  S,375.49
1319,Bose  Brown Coat  M,Product description for Bose  Brown Coat  M,453.5
1320,Black   Camera   M,Product description for Black   Camera   M,918.4
1321,Puma White  LaptopOne Size,Product description for Puma White  LaptopOne Size,325.92
1322,لابتوب  أسود  مقاسXXL ماركة,Product description for لابتوب  أسود  مقاسXXL ماركة,
1323,Casio   Pink   Monitor L,Product description for Casio   Pink   Monitor L,713.98
1324,قميص   رمادي  مقاسSماركةH&M,,655.75
1325,هاتف ذكي   BlackLaptopSize   L   UNKNOWN,Product description for هاتف ذكي   BlackLaptopSize   L   UNKNOWN,722.38
1326,Purple  Belt   L,Product description for Purple  Belt   L,219.48
1327,جاكيت&nbsp;Black&nbsp;&nbsp;&nbsp;JeansSize&nbsp;&nbsp;One&nbsp;Size&nbsp;&nbsp;nike,Product description for جاكيت&nbsp;Black&nbsp;&nbsp;&nbsp;JeansSize&nbsp;&nbsp;One&nbsp;Size&nbsp;&nbsp;nike,451.07
1328,CasioGrey  Monitor   S,Product description for CasioGrey  Monitor   S,702.91
1329,لوحة مفاتيح Brown  Speaker SizeM   Sony,Product description for لوحة مفاتيح Brown  Speaker SizeM   Sony,196.99
1330,bose   YellowHeadphones   M,Product description for bose   YellowHeadphones   M,258.41
1331,شاشة&nbsp;PinkMouse&nbsp;SizeM&nbsp;&nbsp;Puma,Product description for شاشة&nbsp;PinkMouse&nbsp;SizeM&nbsp;&nbsp;Puma,998.77
1332,سماعات   رمادي مقاس   Mماركة,Product description for سماعات   رمادي مقاس   Mماركة,906.68
1333,Zara   Brown  Camera One Size,,485.26
1334,تنورة   أزرق   مقاسXL   ماركة,,883.29
1335,تنورة BrownDress  SizeS   H&M,Product description for تنورة BrownDress  SizeS   H&M,831.87
1336,Green  Sweater   One Size,,546.91
1337,NIKE  BrownCoat XL,Product description for NIKE  BrownCoat XL,539.41
1338,Puma Blue   Skirt,,665.43
1339,H&MPinkScarf One Size,Product description for H&MPinkScarf One Size,
1340,تنورة  أخضر  مقاس   ماركةZara,Product description for تنورة  أخضر  مقاس   ماركةZara,767.59
1341,AppleRed   Camera  M,Product description for AppleRed   Camera  M,
1342,Pink   Sweater  XXL,Product description for Pink   Sweater  XXL,750.59
1343,سترةأحمرمقاس   M ماركة   Sony,Product description for سترةأحمرمقاس   M ماركة   Sony,927.31
1344,H&MGreySocks  XL,Product description for H&MGreySocks  XL,327.93
1345,تابلت   أسود  مقاس M   ماركة,Product description for تابلت   أسود  مقاس M   ماركة,211.13
1346,Prada Blue   Jeans XXL,Product description for Prada Blue   Jeans XXL,257.68
1347,معطف&nbsp;&nbsp;&nbsp;أسودمقاسS&nbsp;&nbsp;&nbsp;ماركة&nbsp;&nbsp;&nbsp;Puma,Product description for معطف&nbsp;&nbsp;&nbsp;أسودمقاسS&nbsp;&nbsp;&nbsp;ماركة&nbsp;&nbsp;&nbsp;Puma,
1348,تنورةأبيض  مقاس  One Sizeماركة LG,Product description for تنورةأبيض  مقاس  One Sizeماركة LG,910.27
1349,Prada  Black  SmartphoneS,Product description for Prada  Black  SmartphoneS,619.9
1350,حزام Pink  NecklaceSizeM   UNKNOWN,Product description for حزام Pink  NecklaceSizeM   UNKNOWN,340.71
1351,شاشة   أزرقمقاس XL   ماركة  H&M,,622.51
1352,Prada Green   Camera,,819.99
1353,حقيبةوردي  مقاس  M   ماركة  zara,Product description for حقيبةوردي  مقاس  M   ماركة  zara,395.91
1354,لابتوب بني مقاسXL   ماركة bose,Product description for لابتوب بني مقاسXL   ماركة bose,492.21
1355,جوارب بنفسجي مقاسOne Size  ماركة  Adidas,Product description for جوارب بنفسجي مقاسOne Size  ماركة  Adidas,
1356,فستان  رماديمقاس   XL  ماركة,Product description for فستان  رماديمقاس   XL  ماركة,438.79
1357,Pink  Shorts  XXL,Product description for Pink  Shorts  XXL,314.2
1358,ADIDAS   Grey  HoodieXL,Product description for ADIDAS   Grey  HoodieXL,232.54
1359,حقيبة ظهر  أحمرمقاس ماركةApple,Product description for حقيبة ظهر  أحمرمقاس ماركةApple,706.78
1360,فستان White  Shorts   SizeOne Size  Bose,,512.92
1361,فستان   BlueHoodie SizeLZara,,880.88
1362,هودي GreyT-Shirt   Size  Apple,Product description for هودي GreyT-Shirt   Size  Apple,404.17
1363,فستان   وردي مقاس   One Size   ماركة  Prada,Product description for فستان   وردي مقاس   One Size   ماركة  Prada,910.09
1364,هودي بنفسجي   مقاسM   ماركة   Gucci,Product description for هودي بنفسجي   مقاسM   ماركة   Gucci,786.99
1365,PurpleHoodie L,,539.89
1366,Grey   Dress L,Product description for Grey   Dress L,
1367,محفظةأحمرمقاسS  ماركة Zara,Product description for محفظةأحمرمقاسS  ماركة Zara,
1368,ZaraWhite Smartphone   XL,,649.69
1369,Grey   Camera  XL,,398.46
1370,سماعات ورديمقاس   One Sizeماركة,Product description for سماعات ورديمقاس   One Sizeماركة,175.25
1371,Casio  Yellow Hoodie,Product description for Casio  Yellow Hoodie,394.05
1372,NIKEBlue  Smartwatch,,
1373,لوحة مفاتيح ورديمقاس XXL ماركةCasio,,129.8
1374,Puma  Yellow Socks,,184.38
1375,ساعةPink  Hat SizeS UNKNOWN,Product description for ساعةPink  Hat SizeS UNKNOWN,783.73
1376,كاميرا  بنفسجي مقاسXLماركة,Product description for كاميرا  بنفسجي مقاسXLماركة,139.21
1377,معطف   Brown Dress  Size XLH&M,Product description for معطف   Brown Dress  Size XLH&M,631.55
1378,ZaraBrownSkirt,,462.43
1379,جينز   أحمر  مقاس   S ماركة bose,Product description for جينز   أحمر  مقاس   S ماركة bose,724.32
1380,قبعة   أحمرمقاسOne Size   ماركة Prada,Product description for قبعة   أحمرمقاسOne Size   ماركة Prada,356.67
1381,Yellow Mouse  S,Product description for Yellow Mouse  S,263.59
1382,H&M Green Speaker XL,,
1383,BlueDress  XXL,Product description for BlueDress  XXL,549.73
1384,شورت أصفر   مقاس  ماركة,Product description for شورت أصفر   مقاس  ماركة,623.96
1385,WhiteTabletXL,Product description for WhiteTabletXL,
1386,هودي   أبيض   مقاس   XLماركة   CASIO,Product description for هودي   أبيض   مقاس   XLماركة   CASIO,703.11
1387,قلادة&nbsp;بنيمقاس&nbsp;&nbsp;S&nbsp;&nbsp;&nbsp;ماركة,,522.79
1388,SonyBrownHat&nbsp;&nbsp;S,Product description for SonyBrownHat&nbsp;&nbsp;S,432.87
1389,جاكيتBrown&nbsp;&nbsp;&nbsp;JeansSizeM&nbsp;&nbsp;&nbsp;ZARA,Product description for جاكيتBrown&nbsp;&nbsp;&nbsp;JeansSizeM&nbsp;&nbsp;&nbsp;ZARA,502.6
1390,CasioWhiteJeansXL,Product description for CasioWhiteJeansXL,675.36
1391,GreenSkirt   XXL,Product description for GreenSkirt   XXL,419.77
1392,Yellow  Sunglasses M,Product description for Yellow  Sunglasses M,228.39
1393,H&M RedMonitorXXL,Product description for H&M RedMonitorXXL,407.49
1394,AdidasWhite   Shorts L,Product description for AdidasWhite   Shorts L,445.17
1395,لابتوب  وردي  مقاس  ماركة,Product description for لابتوب  وردي  مقاس  ماركة,754.2
1396,قفازاتأبيض  مقاس ماركةSONY,Product description for قفازاتأبيض  مقاس ماركةSONY,
1397,White  T-Shirt,Product description for White  T-Shirt,597.82
1398,قميصBrown   Coat  SizeL,Product description for قميصBrown   Coat  SizeL,963.8
1399,حزام  أحمر   مقاس ماركة,Product description for حزام  أحمر   مقاس ماركة,499.41
1400,ساعة ذكية  أخضرمقاس M  ماركة  Ray-Ban,,403.69
1401,NIKE   GreenMouse,Product description for NIKE   GreenMouse,742.13
1402,لابتوب   Green  Mouse SizeOne Size  Apple,Product description for لابتوب   Green  Mouse SizeOne Size  Apple,781.36
1403,Samsung   Red   ShortsXL,,445.8
1404,ماوس  أحمر   مقاسXLماركة Ray-Ban,,439.89
1405,قلادةأصفر   مقاس   One Size  ماركة,Product description for قلادةأصفر   مقاس   One Size  ماركة,846.85
1406,شورت   أصفر  مقاسOne Size  ماركة,Product description for شورت   أصفر  مقاسOne Size  ماركة,389.54
1407,H&amp;MBlack   Belt,Product description for H&amp;MBlack   Belt,
1408,NikePink  Scarf   One Size,,790.85
1409,قميص Green  Hoodie  SizeLH&M,Product description for قميص Green  Hoodie  SizeLH&M,15.93
1410,سترة  PurpleJacket Size   M Zara,Product description for سترة  PurpleJacket Size   M Zara,880.05
1411,Casio  Green T-Shirt   XXL,,257.39
1412,جواربBlue   Dress   SizeSony,Product description for جواربBlue   Dress   SizeSony,358.23
1413,تنورة أخضر   مقاس   ماركة  UNKNOWN,Product description for تنورة أخضر   مقاس   ماركة  UNKNOWN,
1414,فستان  Brown  Jacket   Size  XL,Product description for فستان  Brown  Jacket   Size  XL,162.43
1415,هوديBlueSocks   Size   S   Adidas,Product description for هوديBlueSocks   Size   S   Adidas,82.52
1416,Gucci WhiteLaptop,,441.06
1417,Fossil Pink Keyboard  M,,62.2
1418,مكبر صوت   أحمرمقاس  XL  ماركة Adidas,Product description for مكبر صوت   أحمرمقاس  XL  ماركة Adidas,
1419,White&nbsp;&nbsp;&nbsp;Keyboard&nbsp;&nbsp;&nbsp;XL,,584.39
1420,Sony Blue   Dress XXL,Product description for Sony Blue   Dress XXL,443.06
1421,جواربرماديمقاس ماركة Ray-Ban,Product description for جواربرماديمقاس ماركة Ray-Ban,887.78
1422,sony   Blue   Coat   M,Product description for sony   Blue   Coat   M,663.25
1423,فستان Grey T-Shirt Size,Product description for فستان Grey T-Shirt Size,379.48
1424,Blue&nbsp;&nbsp;&nbsp;Hoodie,Product description for Blue&nbsp;&nbsp;&nbsp;Hoodie,311.83
1425,Sony   Pink Jeans  S,,521.68
1426,Purple&nbsp;&nbsp;&nbsp;T-ShirtL,Product description for Purple&nbsp;&nbsp;&nbsp;T-ShirtL,60.14
1427,تنورة&nbsp;رماديمقاس&nbsp;&nbsp;&nbsp;XL&nbsp;&nbsp;ماركة,Product description for تنورة&nbsp;رماديمقاس&nbsp;&nbsp;&nbsp;XL&nbsp;&nbsp;ماركة,990.46
1428,سترة&nbsp;&nbsp;&nbsp;أسود&nbsp;&nbsp;مقاس&nbsp;&nbsp;One&nbsp;Sizeماركة&nbsp;&nbsp;&nbsp;Ray-Ban,Product description for سترة&nbsp;&nbsp;&nbsp;أسود&nbsp;&nbsp;مقاس&nbsp;&nbsp;One&nbsp;Sizeماركة&nbsp;&nbsp;&nbsp;Ray-Ban,480.03
1429,ZARA PurpleMonitor,Product description for ZARA PurpleMonitor,686.78
1430,قبعة   White Belt  Size,Product description for قبعة   White Belt  Size,
1431,سماعات أحمر  مقاس XXL   ماركة   Apple,Product description for سماعات أحمر  مقاس XXL   ماركة   Apple,
1432,NIKEYellow Watch,Product description for NIKEYellow Watch,922.15
1433,UNKNOWNBlue  Keyboard,Product description for UNKNOWNBlue  Keyboard,586.45
1434,لابتوب   وردي   مقاسOne Size  ماركة,Product description for لابتوب   وردي   مقاسOne Size  ماركة,228.49
1435,قميص أسود   مقاس  XXLماركة Prada,,677.59
1436,H&M PurpleBackpackOne Size,Product description for H&M PurpleBackpackOne Size,881.81
1437,ماوس وردي   مقاسL ماركة   Nike,,940.1
1438,Brown Smartphone   One Size,Product description for Brown Smartphone   One Size,328.59
1439,Black Mouse L,Product description for Black Mouse L,330.79
1440,تابلتBlueMonitorSize&nbsp;&nbsp;XXL,,539.81
1441,ساعة   Red  Backpack Size  XXL   Zara,,981.0
1442,Zara  Brown Jeans  XXL,Product description for Zara  Brown Jeans  XXL,78.27
1443,هودي أزرقمقاس ماركة  adidas,Product description for هودي أزرقمقاس ماركة  adidas,900.24
1444,لابتوب  Pink MonitorSize  L Ray-Ban,Product description for لابتوب  Pink MonitorSize  L Ray-Ban,104.32
1445,هوديPurple Coat  Size   One Size  Fossil,Product description for هوديPurple Coat  Size   One Size  Fossil,333.54
1446,Ray-BanPurple   Camera XXL,Product description for Ray-BanPurple   Camera XXL,841.14
1447,لوحة مفاتيح وردي   مقاس  M ماركةBose,Product description for لوحة مفاتيح وردي   مقاس  M ماركةBose,602.19
1448,كاميراRed  Headphones   Size XL  gucci,Product description for كاميراRed  Headphones   Size XL  gucci,998.53
1449,Nike  Red   Mouse One Size,,139.32
1450,لوحة مفاتيح   ورديمقاس   M   ماركة,Product description for لوحة مفاتيح   ورديمقاس   M   ماركة,113.25
1451,شاشة  GreyTablet  Size,,224.85
1452,LG   Red Tablet,Product description for LG   Red Tablet,310.5
1453,جوارب رمادي مقاس L ماركة,Product description for جوارب رمادي مقاس L ماركة,214.43
1454,تنورةBlack  Sweater  Size   One Size Casio,Product description for تنورةBlack  Sweater  Size   One Size Casio,256.03
1455,تابلت  أصفر   مقاس  One Size   ماركة,Product description for تابلت  أصفر   مقاس  One Size   ماركة,883.66
1456,نظارات شمسيةBrownScarf  Size L   LG,Product description for نظارات شمسيةBrownScarf  Size L   LG,
1457,نظارات شمسية   بنفسجي   مقاسماركة,Product description for نظارات شمسية   بنفسجي   مقاسماركة,346.82
1458,هوديPurple   T-Shirt  Size XL,Product description for هوديPurple   T-Shirt  Size XL,376.01
1459,سترة  أسود   مقاس One Size ماركة  Adidas,Product description for سترة  أسود   مقاس One Size ماركة  Adidas,686.17
1460,تنورة   White Sweater   Size XL,Product description for تنورة   White Sweater   Size XL,645.7
1461,SamsungBrown  DressS,Product description for SamsungBrown  DressS,341.54
1462,ساعة&nbsp;ذكية&nbsp;&nbsp;&nbsp;بنيمقاس&nbsp;&nbsp;ماركة&nbsp;&nbsp;&nbsp;Apple,,238.94
1463,شورت   أخضرمقاسM   ماركة,Product description for شورت   أخضرمقاسM   ماركة,194.43
1464,nike  Purple HoodieXL,Product description for nike  Purple HoodieXL,610.5
1465,هودي   رماديمقاسماركة  Puma,Product description for هودي   رماديمقاسماركة  Puma,404.83
1466,gucciYellow TabletS,,258.03
1467,وشاحBlack NecklaceSize  XL   Fossil,Product description for وشاحBlack NecklaceSize  XL   Fossil,30.58
1468,جينز أخضرمقاسS  ماركةBose,,210.29
1469,حقيبة ظهر Red   SunglassesSize S  Bose,Product description for حقيبة ظهر Red   SunglassesSize S  Bose,128.99
1470,ماوس أسود   مقاس   L  ماركة  Casio,Product description for ماوس أسود   مقاس   L  ماركة  Casio,522.92
1471,Yellow   CameraM,Product description for Yellow   CameraM,718.72
1472,قفازات   Purple   Hat  Size  Casio,Product description for قفازات   Purple   Hat  Size  Casio,715.65
1473,قميص   وردي  مقاسXLماركة,Product description for قميص   وردي  مقاسXLماركة,138.64
1474,PumaWhiteSweaterXL,Product description for PumaWhiteSweaterXL,963.06
1475,GreyJeansL,Product description for GreyJeansL,862.69
1476,لوحة مفاتيح  أسودمقاسماركة   Fossil,Product description for لوحة مفاتيح  أسودمقاسماركة   Fossil,24.43
1477,ساعة&nbsp;ذكية&nbsp;White&nbsp;Smartwatch&nbsp;&nbsp;&nbsp;Size&nbsp;&nbsp;&nbsp;ZARA,Product description for ساعة&nbsp;ذكية&nbsp;White&nbsp;Smartwatch&nbsp;&nbsp;&nbsp;Size&nbsp;&nbsp;&nbsp;ZARA,739.03
1478,قلادة أحمر  مقاس  L   ماركة   samsung,Product description for قلادة أحمر  مقاس  L   ماركة   samsung,
1479,جوارب   أزرق مقاس ماركةGucci,,280.92
1480,معطف&nbsp;أصفر&nbsp;مقاس&nbsp;&nbsp;&nbsp;S&nbsp;ماركة&nbsp;Gucci,Product description for معطف&nbsp;أصفر&nbsp;مقاس&nbsp;&nbsp;&nbsp;S&nbsp;ماركة&nbsp;Gucci,415.1
1481,Apple  BlackSunglasses   XL,,947.53
1482,PumaBlack   Jacket   XL,Product description for PumaBlack   Jacket   XL,608.85
1483,نظارات شمسية Purple   BackpackSize  M  Gucci,Product description for نظارات شمسية Purple   BackpackSize  M  Gucci,329.92
1484,Ray-Ban Pink   HeadphonesL,,632.6
1485,فستان   Purple  Shorts Size M   LG,Product description for فستان   Purple  Shorts Size M   LG,695.97
1486,جينز   PurpleSweater Size  UNKNOWN,Product description for جينز   PurpleSweater Size  UNKNOWN,69.99
1487,محفظة   بنفسجي  مقاسماركةUNKNOWN,Product description for محفظة   بنفسجي  مقاسماركةUNKNOWN,117.95
1488,BlueJacket,Product description for BlueJacket,
1489,سماعات أخضر   مقاس   L  ماركة,Product description for سماعات أخضر   مقاس   L  ماركة,938.3
1490,هوديوردي   مقاسOne Size   ماركة  LG,Product description for هوديوردي   مقاسOne Size   ماركة  LG,766.85
1491,حقيبة ظهر   PinkWatch  SizeS,,45.88
1492,جواربPinkShorts  Size L Puma,Product description for جواربPinkShorts  Size L Puma,746.72
1493,هاتف ذكي   بنيمقاس   ماركةZara,Product description for هاتف ذكي   بنيمقاس   ماركةZara,470.17
1494,Sony  Brown   SocksS,Product description for Sony  Brown   SocksS,343.25
1495,Prada Red Dress,Product description for Prada Red Dress,804.38
1496,PumaRedLaptop S,Product description for PumaRedLaptop S,600.42
1497,حقيبة&nbsp;&nbsp;رمادي&nbsp;&nbsp;&nbsp;مقاسXL&nbsp;&nbsp;&nbsp;ماركةRay-Ban,Product description for حقيبة&nbsp;&nbsp;رمادي&nbsp;&nbsp;&nbsp;مقاسXL&nbsp;&nbsp;&nbsp;ماركةRay-Ban,881.14
1498,SamsungPink   Laptop S,Product description for SamsungPink   Laptop S,248.43
1499,Red   Backpack,,391.57
1500,Zara   White   Jeans,Product description for Zara   White   Jeans,790.32
